00001A48,00002AFA,4,27,0000076A,000014B4,1,3,0,
00001376,00002EC0,3,163,000010EC,000022BC,2,7,0,
0000003E,0000239E,1,8,00000086,0000125E,1,3,0,
00000328,00001998,1,4,000002F6,000021B8,1,6,0,
000005AE,00001392,1,3,000009AC,00002168,1,6,0,
0000027C,00001B92,1,4,00000624,00002680,1,12,0,
00000F12,000011B2,2,3,00001316,00001D10,3,4,0,
00000722,000011C6,1,3,00000D8A,00001252,2,3,0,
00001AA4,00002042,4,6,000014F4,00002754,3,13,0,
0000087A,00001FCC,1,5,0000090A,00000D6E,1,2,0,
000001F4,00001B68,1,4,00000DF6,00001B8C,2,4,0,
000010EC,000017CC,2,3,00000748,000016B4,1,3,0,
000010F4,00001DBA,2,4,000008E8,00001970,1,4,0,
000025C0,000028A2,10,16,0000059E,000018CE,1,3,0,
000011EE,00001CE4,3,4,0,
00000704,00002442,1,8,000021A8,000023A8,6,8,0,
000002A0,00000E88,1,2,000019C6,00002E54,4,108,0,
00000456,000022D0,1,7,0,
0000083E,000013BE,1,3,0,
00000C68,00002932,2,18,0,
000002E4,00002C88,1,43,00002312,000025D8,8,10,0,
000008AA,000024C0,1,9,000000AA,000021EA,1,7,0,
000004A4,00000F52,1,2,0,
00000476,00002220,1,7,0,
00000716,00001BC8,1,4,000004A6,00002900,1,17,0,
0000089E,00002802,1,14,0,
00000C8A,00001F3A,2,5,0,
00000B98,00001D56,1,4,0,
00001976,00001FF0,4,5,00000F00,00002536,2,9,0,
00001126,0000289A,2,16,0,
000001EE,00001848,1,3,0,
00001DAE,00002BD0,4,34,0,
000006DE,00001ED4,1,5,00000F7C,00002256,2,7,0,
000017A2,00002680,3,12,00001992,0000242C,4,8,0,
000006F0,00000FC0,1,2,000018A0,00001B58,3,4,0,
000012B8,00001D82,3,4,000000FC,00001D7C,1,4,0,
00000CB6,00002BE2,2,35,00000FFC,00002546,2,10,0,
0000121C,00001DDC,3,4,00002738,00002CE0,13,50,0,
00000986,00002B04,1,27,00001266,00002808,3,14,0,
000023D2,000024A2,8,9,000023EA,0000294E,8,18,0,
00002BE4,00002CA2,35,45,0,
0000062E,00001038,1,2,000015EE,00001A14,3,4,0,
0000172A,00002BF0,3,36,00002A80,00002DE6,24,79,0,
000008AC,000018C6,1,3,00000558,00002EE2,1,195,1,
000008E2,00001EB6,1,5,00000698,00002A9E,1,24,0,
00001006,00002CB2,2,46,0,
00001338,00001BA6,3,4,0,
000007EC,000021A8,1,6,0,
00000558,00002B68,1,30,00000260,00001790,1,3,0,
00000270,00000ECC,1,2,00001188,000025F6,2,11,0,
00000CD2,0000279A,2,13,00000110,00001DE0,1,4,0,
00001D8C,00001ED2,4,5,00000668,00000E54,1,2,0,
0000266E,00002A40,11,22,00000B72,00000E26,1,2,0,
000004DC,00001020,1,2,0000064C,000014B2,1,3,0,
00000124,00002A62,1,23,00000894,000012BE,1,3,0,
000016E4,00001AAC,3,4,00000C50,00002376,2,8,0,
00000BD2,0000193E,1,4,00000EB2,0000280A,2,14,0,
0000077C,0000203A,1,6,00001804,00002F16,3,316,0,
000006AE,00002D0E,1,54,000015E4,00002960,3,18,0,
00001D74,00002902,4,17,00000DE8,00002438,2,8,0,
00001D46,00002B98,4,32,00001294,00002D68,3,61,0,
00000140,00002746,1,13,0000047E,000024DC,1,9,0,
0000173E,0000286A,3,15,00000952,000026AA,1,12,0,
00001AEC,00002B24,4,28,00000E66,000015A4,2,3,0,
00001D90,000026BE,4,12,0000073C,00002E3A,1,99,0,
00000E94,0000187A,2,3,000005A6,00002754,1,13,0,
00001864,0000217E,3,6,000006A2,00001B8C,1,4,0,
000009C8,00001484,1,3,00000294,00000DC4,1,2,0,
00002058,00002E9C,6,138,0,
0000186A,00002DB6,3,70,00000AD8,00001EBC,1,5,0,
00000EF8,00001632,2,3,00000AE6,0000142C,1,3,0,
000001E8,000029D0,1,20,0000194C,000028A6,4,16,0,
0000182A,000019C2,3,4,0,
00000308,00001902,1,3,00001B6C,00001EDA,4,5,0,
0,
0000076C,0000290E,1,17,000006D2,00001B9C,1,4,0,
0000159E,00001A30,3,4,00000778,00002BD4,1,34,0,
0000141E,00002636,3,11,00000778,00002316,1,8,0,
0000066C,000014DE,1,3,00000854,00002736,1,13,0,
00001A16,00002A34,4,22,0,
00001BE2,0000244A,4,8,00000AD8,0000208C,1,6,0,
000005AE,000022EC,1,7,0,
00002144,00002756,6,13,00001C74,00002EC4,4,166,0,
00000214,00001456,1,3,00000660,000027C2,1,14,0,
00000714,000017B2,1,3,00001D9A,0000250A,4,9,0,
00001E4C,00002684,5,12,00001224,00002CF0,3,51,0,
00000CA6,00002E7E,2,122,0,
00000DE6,0000297C,2,19,000026BC,00002B6A,12,30,0,
00001628,00002AD0,3,26,000015FA,00001BD6,3,4,0,
00001BF6,00001E86,4,5,000016A8,00001F42,3,5,0,
00000F70,000014D0,2,3,0,
00000108,000015D0,1,3,00000D5C,000011F6,2,3,0,
0000161E,00002AF6,3,27,000007CA,00000D6C,1,2,0,
00000460,0000173C,1,3,0,
000003A8,00001688,1,3,0,
00000DDE,00002D24,2,55,0,
00000978,00002910,1,17,0000213A,00002926,6,17,0,
00000F0A,0000126C,2,3,000001E6,0000164A,1,3,0,
0000126A,00002B1A,3,28,0,
0000027A,00002060,1,6,0000074A,00002460,1,9,0,
00002564,000026AA,10,12,00000ABC,00000DF0,1,2,0,
00000958,00001252,1,3,0,
0000091C,000015FA,1,3,000000C8,00000D24,1,2,0,
00001034,000013E0,2,3,0,
00000BB2,00001CC6,1,4,0,
00000D98,0000200C,2,6,00002AA8,00002C4A,25,40,0,
00001828,00002168,3,6,00000952,00000DDC,1,2,0,
00000306,00001D1C,1,4,0000109C,00001490,2,3,0,
00001E8E,000021A4,5,6,00001888,00002438,3,8,0,
00002A1A,00002CF6,21,52,00000A18,00000E1E,1,2,0,
00000016,00000EE6,1,2,0000104A,0000173C,2,3,0,
00001C00,00002AEC,4,27,000029BC,000029F8,20,21,0,
00000956,00002EE4,1,197,00001086,0000229C,2,7,0,
00001E0E,00001EA8,4,5,0,
0000283C,00002BEA,15,35,00001622,000027FC,3,14,0,
0000029C,0000282A,1,15,000013D4,000023EC,3,8,0,
00000678,00001A64,1,4,000008D6,00001548,1,3,0,
00000438,000016F4,1,3,0000044E,00001F62,1,5,0,
000000A2,00001F14,1,5,00000BE0,0000149A,1,3,0,
00000896,000024C8,1,9,00002E1E,00002ED6,92,181,6,
00000800,00002186,1,6,0,
00000274,000026AA,1,12,0,
0000064E,000018AA,1,3,000011D0,000027B2,3,13,0,
00000686,00001B46,1,4,00000676,00000C50,1,2,0,
0000063A,00000E60,1,2,00000A72,000014F8,1,3,0,
00000524,00001E8E,1,5,000007FC,00000E6E,1,2,0,
000015D0,00002E38,3,98,00001388,000023CA,3,8,0,
00000C62,000017A0,2,3,0,
0000186A,00001A5C,3,4,0,
00000B0A,000017D6,1,3,0000175E,00001ADE,3,4,0,
000023B4,00002CAE,8,46,0,
00000EA0,00002C6E,2,42,00000F74,00002BE2,2,35,0,
00001D02,0000246E,4,9,0000005A,00000C5A,1,2,0,
00000190,000022CC,1,7,00001402,00001B08,3,4,0,
00001760,000020C4,3,6,000008D8,0000283A,1,15,0,
000024C6,00002660,9,11,00000626,00001226,1,3,0,
000025BC,00002C3E,10,39,00000E18,00001E90,2,5,0,
0,
000027C8,0000295A,14,18,00001FCE,0000277C,5,13,0,
0,
00001CD4,00001E9E,4,5,00000B6E,00002304,1,7,0,
000007D0,00001E64,1,5,00001FB2,00002EFE,5,244,0,
000021D0,0000288A,7,16,000018FA,00002804,3,14,0,
0000042E,00001754,1,3,0000145C,00001F22,3,5,0,
000007B6,00002324,1,8,00001BAE,000024B4,4,9,0,
00000D36,00002DBE,2,72,0,
0000042A,00001E56,1,5,0,
000004D6,00002EE2,1,195,00001E4A,00002198,5,6,0,
00000EA0,00001AE4,2,4,0000034E,000022F4,1,7,0,
0000090C,00002B86,1,32,0,
00000CC4,00002454,2,8,0,
00000466,000021BC,1,7,00000278,000015AA,1,3,0,
00000C1E,00001760,1,3,00000462,00001082,1,2,0,
00000AD2,0000228C,1,7,00000844,00002648,1,11,0,
00001050,00001FD6,2,5,00000936,000023AC,1,8,0,
00000F4A,00001DE6,2,4,00000994,000020BC,1,6,0,
0000147A,00001DEA,3,4,0000061C,00002D96,1,66,0,
0000026E,000027EA,1,14,000000A6,00002DE8,1,79,0,
00001BE8,00001FFC,4,6,00001284,00001C04,3,4,0,
000017B6,0000204E,3,6,00002168,000025A6,6,10,0,
00001F06,00002F16,5,316,0000002C,0000226C,1,7,0,
00000872,000029D8,1,20,0000042C,000012BA,1,3,0,
00000730,00002182,1,6,0,
0000167A,0000275A,3,13,00000530,00001300,1,3,0,
00000C9E,0000191E,2,4,00002C00,00002DC2,36,73,9,
00001B8C,00002CA8,4,45,00000C52,00002C74,2,42,0,
0000127C,0000195A,3,4,000003AC,00001810,1,3,0,
00000A44,0000236C,1,8,00001C86,00002954,4,18,0,
00000FBE,00001660,2,3,0,
00001BB2,00002466,4,9,000016B2,00001A8E,3,4,0,
0000212C,000022E2,6,7,00000362,000026E4,1,12,0,
00000AB0,00001950,1,4,000001CC,00001F28,1,5,0,
00001D08,00002DCC,4,75,0000095E,00001DB4,1,4,0,
0000142C,00002B3E,3,29,00000E9C,000015B0,2,3,0,
00001FE2,00002DC2,5,73,0,
00000168,00001DC8,1,4,0,
00000A60,0000285C,1,15,000004F2,00001D8E,1,4,0,
00001F80,00002612,5,11,000012FA,00002D7A,3,63,0,
00000AB0,00001E64,1,5,00000F96,00002400,2,8,0,
00000A9C,0000224E,1,7,0,
00000932,00002AE0,1,26,0000197E,00002DAC,4,69,0,
00000910,00002F2E,1,921,0000064C,000028F2,1,17,0,
000011D0,000026F4,3,12,0000070E,00002238,1,7,0,
00000878,00001772,1,3,000009D4,000010CA,1,2,0,
00000C12,000015BE,1,3,00002762,00002B60,13,30,0,
00001EE0,00002E78,5,121,0,
00000126,00002068,1,6,0,
00001BCA,00002D96,4,66,00001146,00001E36,2,5,0,
0000227A,00002AC4,7,26,000015E6,00002B8C,3,32,0,
00001C34,000023F8,4,8,000014F0,00002548,3,10,0,
00002C58,00002E04,41,84,000007F4,00000F7C,1,2,0,
000011F8,00002E0A,3,86,00000420,00001950,1,4,0,
00000AB6,000020F0,1,6,00002034,000028BA,6,16,0,
000001E2,000022D0,1,7,000001AA,00001C9C,1,4,0,
00000DCE,00001310,2,3,000002D0,00002EDA,1,184,0,
00001716,00002EAA,3,144,0,
0000021A,00002CFC,1,52,00002612,00002B00,11,27,0,
00001334,00001A4C,3,4,0,
00000636,000010A8,1,2,000008B6,00001ABA,1,4,0,
0000182E,00002D44,3,58,000009EA,00000CD8,1,2,0,
00002358,000024CE,8,9,0,
0000017A,000010BE,1,2,00000DC4,00001FB2,2,5,0,
00001E8C,00002284,5,7,00000D6A,000023F6,2,8,0,
00001DBA,00002910,4,17,00001CA4,00002B2A,4,29,0,
0000186E,00001B80,3,4,00001B42,00002EB6,4,154,0,
0000204A,00002BF4,6,36,000003F8,00000D68,1,2,0,
00001EB2,00002680,5,12,000008B2,00000F58,1,2,0,
00001132,0000129C,2,3,0,
00001502,00002F2E,3,921,000006CA,0000167C,1,3,3,
000010B6,0000267E,2,12,00002440,0000287E,8,16,0,
00001306,00002AE4,3,26,00000CE0,00001D3E,2,4,0,
00000AAC,00001968,1,4,0000020E,00002E24,1,93,0,
0000124C,000026DE,3,12,0,
0000079E,00002AD6,1,26,000018EE,00002758,3,13,0,
0000138C,00002848,3,15,000000D6,00002986,1,19,0,
00000E7C,00001372,2,3,00000B82,0000237E,1,8,0,
00000B86,00000CA6,1,2,000003FE,00001D5C,1,4,0,
00002840,00002B3E,15,29,0,
00001D28,00002D1C,4,54,0000075C,00001528,1,3,0,
000001CC,00001738,1,3,0000175A,00002EBA,3,156,0,
00002662,00002DC2,11,73,0000062C,000029A8,1,19,0,
00001360,00002202,3,7,00002D84,00002EC8,64,170,0,
000005AC,00002794,1,13,0000142A,00002918,3,17,0,
0000050C,00002DD4,1,76,000001AC,000011B2,1,3,0,
00002E9E,00002F0E,138,272,0,
00000FB8,00002726,2,12,00000E76,00001518,2,3,0,
000006D8,000023A0,1,8,000001E0,000015AE,1,3,0,
000004DC,00001532,1,3,00000368,00001274,1,3,0,
00000598,00000CE6,1,2,000002CE,000020D4,1,6,0,
00001982,0000298E,4,19,00001F2E,00002066,5,6,0,
00001382,00001B26,3,4,00002032,00002C92,6,44,0,
00001220,0000277A,3,13,000002AE,00001580,1,3,0,
00002660,00002AF8,11,27,000014E8,00001E50,3,5,0,
000004B4,00001C98,1,4,000004C6,00002CA2,1,45,0,
00000A3C,00000C56,1,2,000006A6,00000F18,1,2,0,
0000191C,00002188,4,6,00000BBC,00002722,1,12,0,
000007C4,00001F3C,1,5,000002C2,000018C0,1,3,0,
0000032C,00002A8C,1,24,0000167E,00001B2C,3,4,0,
0000077A,000028D0,1,16,0,
0,
00001676,00002E5C,3,111,000018BA,00002C4A,3,40,0,
000003D8,00000F62,1,2,0,
000001BC,00001BB8,1,4,00000744,00000FA2,1,2,0,
00000418,00002E66,1,115,0,
0000112C,00001C5E,2,4,000006DC,000010EE,1,2,0,
00001458,00002208,3,7,00002440,0000276C,8,13,0,
00000494,00002822,1,14,000007D6,00001714,1,3,0,
00001F68,00002B86,5,32,00000240,000023E6,1,8,0,
00001436,00002F18,3,329,000020FA,00002C2C,6,38,0,
00001C0E,00002398,4,8,0,
000013E8,00001DCA,3,4,00001098,00002B16,2,28,0,
00000904,00002882,1,16,00000EE4,00002F30,2,1178,0,
00000010,0000136A,1,3,00001FD2,000020FC,5,6,0,
0000180A,00001B52,3,4,00001606,00001920,3,4,0,
00000A30,00002D1C,1,54,00000680,000020F6,1,6,0,
00001688,00001C72,3,4,0000166C,000023A0,3,8,0,
00000172,00000E9E,1,2,00001362,00001E44,3,5,0,
000017A8,00002AAC,3,25,0000127C,00002798,3,13,0,
00000234,00002B90,1,32,00000E5C,000024DC,2,9,0,
000017DC,00002CFA,3,52,0,
000000DA,00001D98,1,4,000009A2,00001C2C,1,4,0,
00001FAA,00002EDC,5,185,000009D6,00002E88,1,128,0,
0,
000006BE,0000266A,1,11,00000830,00001B4E,1,4,0,
000005D2,000027EA,1,14,00001FAE,000029B8,5,20,0,
0000105C,00001810,2,3,000005F2,00000CFE,1,2,0,
00001EB8,00002408,5,8,0,
00001C26,000021CE,4,7,00000760,00001D02,1,4,0,
00000A3C,00001030,1,2,00000332,00000FD6,1,2,0,
00000284,000029E6,1,20,0000117A,000012E6,2,3,0,
00001542,00001C76,3,4,0000165E,00001C00,3,4,0,
000013AA,00002AE6,3,26,0,
00000DE4,0000239C,2,8,000013FE,00002D32,3,56,0,
00001A38,00001F30,4,5,0,
000027F8,00002ECE,14,174,0,
000002C4,00002AC0,1,25,0,
000005F8,00002644,1,11,0000049A,00001A2E,1,4,0,
000001B6,00001780,1,3,000016F8,00002BAA,3,33,0,
00000C0C,00002D30,1,56,000011A4,00002C34,3,39,0,
000007BC,000013A4,1,3,0,
0000025C,00002188,1,6,00000ABC,00002290,1,7,0,
000015CE,00001FB8,3,5,00000770,00001566,1,3,0,
0000187A,000022DE,3,7,00002A60,00002C44,23,40,0,
000008E8,0000265E,1,11,00002108,00002F2C,6,671,0,
00001360,00002748,3,13,0,
00000726,00000FD4,1,2,0,
00001BE0,00002DB2,4,69,00000FFE,00001CD6,2,4,0,
00001220,00002D92,3,66,00001234,00002CE4,3,50,1,
0000292A,00002DFE,18,83,0000086A,00000FC2,1,2,0,
00000FDC,000017BA,2,3,00000100,0000252A,1,9,0,
0000198E,00002BF4,4,36,000005A6,0000267E,1,12,0,
000010B6,00001852,2,3,00000712,00002E0E,1,86,0,
000007F8,00001238,1,3,0000085A,00002794,1,13,0,
0000220C,00002912,7,17,000007F0,00000D7A,1,2,0,
000016B4,00002790,3,13,000003B4,000024C6,1,9,0,
000000FE,00001510,1,3,0,
000009CE,00002836,1,15,000010BC,00001802,2,3,0,
00000730,000012E4,1,3,00000AF6,00000FA2,1,2,0,
0000023E,000020BE,1,6,00000E82,00002AAE,2,25,0,
00000D5A,00001A90,2,4,00001BC4,00002AFA,4,27,0,
00001F92,00002358,5,8,00000BA2,0000241E,1,8,0,
00001670,00002AD2,3,26,00000ECA,00001392,2,3,0,
0000025E,00001250,1,3,00000BB8,0000209C,1,6,0,
0000035C,00000D1C,1,2,000028DA,00002B94,17,32,0,
00000AE0,00001024,1,2,00000D1A,00002308,2,7,0,
0000114A,00001210,2,3,00000398,00002BE4,1,35,0,
00000B30,00001388,1,3,0,
000011C6,00002346,3,8,00000222,000013E2,1,3,0,
000008CA,0000176A,1,3,00000700,00002DDA,1,77,0,
00000466,00001A92,1,4,000006A8,00000FF2,1,2,0,
00001260,00001CF0,3,4,00000158,00001988,1,4,0,
000018B6,0000236C,3,8,000015E6,000028DA,3,17,0,
00001C3A,00002E4E,4,105,00001128,000015E6,2,3,0,
00001294,00002D84,3,64,00000B10,00000DFC,1,2,0,
00000648,00001700,1,3,0000032E,000028C6,1,16,0,
00001710,000022C8,3,7,00000436,00002422,1,8,0,
00001FDA,0000245C,5,9,00001D7C,00002B4A,4,30,0,
000002BC,00000FBA,1,2,000025E4,00002D6E,11,62,0,
00000E58,00002800,2,14,00001036,00002048,2,6,0,
00001C36,00001F56,4,5,0,
000025B2,00002C52,10,40,0,
00000C6E,00002CE8,2,50,0000082E,00001CA8,1,4,0,
00000B5C,00002C6A,1,42,00000F72,00001FFC,2,6,0,
00001BA8,00002CCE,4,48,00000C4C,00002434,2,8,0,
00002048,000021F6,6,7,000029C8,00002AEA,20,27,0,
00001C40,0000213A,4,6,00002198,000023D2,6,8,0,
00001A04,00002B0A,4,27,00000706,000014E4,1,3,0,
00001464,00002ED2,3,178,00001334,00001B8E,3,4,0,
00000B44,000028AC,1,16,00001050,00002E54,2,108,0,
000008F6,000011B8,1,3,0000062A,00001BC6,1,4,0,
00001D16,00002B38,4,29,000002C2,00001F62,1,5,0,
00001460,000028D0,3,16,00000F0E,000014CA,2,3,0,
000002DC,00002DE2,1,78,0000107E,00001AEC,2,4,0,
000002E2,00001D50,1,4,0,
00001DA8,00002726,4,12,00000860,00000C54,1,2,0,
0000167E,000023EE,3,8,00000FF4,00001F88,2,5,0,
0000286E,00002914,15,17,0,
00000B96,00002412,1,8,00000194,000021E6,1,7,0,
0000194E,000020F6,4,6,00000C24,000024A8,1,9,0,
00002CF2,00002E90,51,132,000020EE,00002D3C,6,57,0,
00000238,00002908,1,17,0,
00001AF0,00002D8A,4,64,00001F42,0000257A,5,10,0,
00000962,000027A2,1,13,0000191C,00002B08,4,27,0,
00000808,0000224A,1,7,0,
00000E74,00002A98,2,24,00000A36,00001A0A,1,4,0,
00000504,000018AE,1,3,000005F6,00002B38,1,29,0,
00001F34,00002A9E,5,24,00000160,00001E8E,1,5,0,
00001B88,0000285A,4,15,000015D0,00001B66,3,4,0,
00001DC0,000027FE,4,14,00000354,0000154E,1,3,0,
000013B8,00001BD0,3,4,000004CC,00001656,1,3,0,
00000D78,00002910,2,17,0000230E,000028AC,7,16,0,
00000E70,00001BC0,2,4,00001CE4,00002450,4,8,0,
00001722,00002E86,3,127,000000F2,0000290C,1,17,0,
000006E8,00002CC6,1,47,00001CC4,0000250E,4,9,0,
0000266E,00002AC2,11,25,00000C1E,00001D20,1,4,0,
000012C0,00001B28,3,4,00000952,000029BC,1,20,0,
00000CA6,000013F0,2,3,0000090E,000020E2,1,6,0,
00000DDC,00002876,2,16,0,
000007B6,000029E8,1,20,00000F60,00002300,2,7,0,
000026D0,00002C44,12,40,0,
000010A6,00002670,2,11,00000E36,000020A6,2,6,0,
0000167E,00002694,3,12,00002220,00002434,7,8,0,
000006F0,0000298C,1,19,0000100A,000012EC,2,3,0,
0000157E,0000195C,3,4,000006AC,0000296E,1,19,0,
00000FBA,00001F3C,2,5,0,
00001870,00001E86,3,5,0,
00000576,00001046,1,2,0,
000016CA,0000242E,3,8,0000178E,000020AA,3,6,0,
00000900,000014A4,1,3,00000C02,0000281A,1,14,0,
000018B8,00001D1A,3,4,00001FAA,00002E22,5,93,0,
0000262A,00002BD0,11,34,0,
00000346,0000218E,1,6,00000ACE,0000199C,1,4,0,
00001300,00002DF2,3,81,00001C86,0000230C,4,7,0,
00001450,00002E32,3,96,00000B96,00001DD0,1,4,0,
00000382,00002CE2,1,50,00000E8E,00001476,2,3,0,
0000261C,000027B0,11,13,000005EC,00000D1E,1,2,0,
00002E06,00002F1C,84,361,1,
00001146,00001524,2,3,000025D0,00002ABE,10,25,0,
00001978,00002758,4,13,0000050A,00001CC4,1,4,0,
00000064,00002A9E,1,24,000007A2,00000FD8,1,2,0,
00002C60,00002E58,41,109,00000CAC,000023E8,2,8,1,
0000004A,00002496,1,9,00002242,000023B6,7,8,0,
00000782,000024B6,1,9,0,
000006A8,0000292A,1,18,0000224C,00002B10,7,28,0,
00000E34,00002DEA,2,79,000004F0,000013D8,1,3,0,
00000078,00001F7C,1,5,0,
00000802,000015AC,1,3,0,
000017DA,000020D6,3,6,0,
00000E3E,00001202,2,3,0000039E,00001F18,1,5,0,
00000B86,00001398,1,3,00000F52,000025E0,2,11,0,
000016A6,0000269E,3,12,0,
0000291C,00002D46,17,59,0000255A,00002BFA,10,36,0,
0000081C,00002A4A,1,22,0000109E,000020D2,2,6,0,
0000144A,000023FC,3,8,000015D0,000023CA,3,8,0,
00002BCC,00002DF6,34,82,000018D0,00002B7C,3,31,0,
000002CC,000022B0,1,7,0,
00001E0C,000021E4,4,7,00001F88,00002992,5,19,0,
00001634,00002EB6,3,154,000002E8,00000F60,1,2,0,
000000F4,00000D9C,1,2,000004E6,00001934,1,4,0,
00000894,00002A12,1,21,000002F8,00002A1C,1,21,0,
00000B84,00002C18,1,37,000020E0,000023CA,6,8,0,
0000185E,00001908,3,4,000000B4,000017C8,1,3,0,
000014F4,0000256C,3,10,00000162,0000229E,1,7,0,
00000240,00002C9E,1,45,00000F52,0000204C,2,6,0,
00001886,00002EDC,3,185,0,
00000F14,000016CA,2,3,000015EA,000020A0,3,6,0,
00000AA0,000017BE,1,3,00000BD4,00001AD0,1,4,0,
00000C6E,000015B6,2,3,00000950,00000ECC,1,2,0,
00000360,00001A74,1,4,0000236A,00002CB8,8,46,0,
000014F8,00002420,3,8,00000E84,00002326,2,8,0,
00000922,00001390,1,3,0,
0000068A,00001F1C,1,5,00000020,0000184C,1,3,0,
00001402,00001EC2,3,5,00002710,0000298C,12,19,0,
00001AF8,00002406,4,8,000005C8,00000DC4,1,2,0,
00001ED2,00002896,5,16,0000119E,00002B40,3,29,0,
00000850,0000206A,1,6,0000055A,00001C00,1,4,0,
00001D06,00002200,4,7,00001982,00002B38,4,29,0,
00001024,00002806,2,14,00001F2A,000023B4,5,8,0,
0,
00000A6E,000025A0,1,10,00000E68,00001A04,2,4,0,
00000642,00000C7A,1,2,0,
0000001C,00001408,1,3,00000B7C,00001EEE,1,5,0,
000006A2,00001D1A,1,4,0000082C,00001432,1,3,0,
0000078A,000012C8,1,3,00001DCA,0000242C,4,8,0,
000015B6,000019CC,3,4,0,
000009C0,000028F4,1,17,00000A34,00002AE6,1,26,0,
0000097E,00000DBC,1,2,000025D8,0000285A,10,15,0,
000009E0,00001164,1,2,0000078C,0000290E,1,17,0,
00000708,00001776,1,3,000010CC,00002EC2,2,164,0,
00000442,0000144A,1,3,00001426,000028F6,3,17,0,
00000DF2,0000215E,2,6,00001C54,00002222,4,7,0,
00000A84,000020BA,1,6,000010B6,0000264C,2,11,0,
00001238,00002A82,3,24,00000BF6,00000CCC,1,2,0,
0000103A,00002D7E,2,63,0,
00001730,00001FF4,3,5,000000EA,00002894,1,16,0,
000001B0,000029D4,1,20,00001214,00001BA6,3,4,0,
000008BA,0000146C,1,3,00001D04,000022E2,4,7,0,
000018B0,00001CA2,3,4,0,
00001784,000023CE,3,8,00001554,00002634,3,11,0,
000000EE,00002208,1,7,000005A4,00002D7A,1,63,0,
00000BAC,00002B70,1,31,00000A3A,000029B8,1,20,0,
00000456,00001520,1,3,00002ABA,00002C52,25,40,0,
0000244A,00002BA4,8,33,00001822,00001EEA,3,5,0,
00000B5C,00002D56,1,60,00000014,00002A38,1,22,0,
00001652,00002AEC,3,27,0,
00001848,00002CFA,3,52,00002192,00002EFE,6,244,0,
00001F36,00002906,5,17,000000EA,00001BDA,1,4,0,
00002024,00002F00,6,250,0,
00000B76,000016CE,1,3,00000956,000019D0,1,4,0,
00001B24,00002D4A,4,59,00000972,000016EC,1,3,0,
000006A2,000029BA,1,20,0,
00000B38,000015D0,1,3,0,
0000017E,00002628,1,11,0000192C,000023EC,4,8,0,
0000122E,000019C8,3,4,00000F84,00001398,2,3,0,
000009A8,00002AA0,1,24,000014C8,000028AC,3,16,0,
00000972,00000CD0,1,2,00000E22,0000239C,2,8,0,
00001CD8,0000262E,4,11,000008C6,0000212E,1,6,0,
000008E4,00002442,1,8,00000B72,00001EC6,1,5,0,
000008C0,00002D06,1,53,000009DE,00000D32,1,2,0,
00000CDC,00002440,2,8,000003CE,000023E2,1,8,0,
00000712,000025C0,1,10,0000098C,000020F6,1,6,0,
00000144,00001940,1,4,00000DE4,0000165E,2,3,0,
000006D4,00001BE8,1,4,0,
00000E30,00002BF2,2,36,0,
00002B8A,00002DF2,32,81,0,
00000B08,00001454,1,3,0,
00000138,0000176E,1,3,0,
00000622,00000C78,1,2,00000B1E,00002B72,1,31,0,
00000D34,00002C14,2,37,00001FAE,00002E38,5,98,0,
00001562,00002692,3,12,00002AB8,00002D94,25,66,0,
00000256,000026C6,1,12,0,
000009C2,000023CE,1,8,00001CBC,00002450,4,8,0,
000009EA,00001B78,1,4,00000C32,000020A4,2,6,0,
00001EE0,00002E32,5,96,0000173C,00002018,3,6,0,
0000166A,000028B2,3,16,00001C1E,00002768,4,13,0,
00002BC0,00002ED4,34,179,0000060C,00001194,1,3,4,
00001098,0000289E,2,16,00001934,000025BA,4,10,0,
00001D52,00001F34,4,5,000007AA,000014B6,1,3,0,
0000019C,00001048,1,2,0000256C,000027AA,10,13,0,
00001530,00001A0A,3,4,00001A86,000023F4,4,8,0,
0000052E,000029E2,1,20,000000F2,0000198C,1,4,0,
00001168,00002C9A,2,45,000003A8,00000D0A,1,2,0,
0000041E,0000244A,1,8,00002928,00002C2C,18,38,0,
000004C0,000020D4,1,6,00000302,00001376,1,3,0,
00000E92,000028BC,2,16,00002CAA,00002DC6,46,74,0,
00000B66,000016DA,1,3,00001876,00002EAA,3,144,0,
00001BAE,00002058,4,6,000007E6,00002EF2,1,216,0,
00001BA6,00002EC2,4,164,00001CEA,0000296E,4,19,0,
00000CFE,00001774,2,3,0,
000010A8,0000287E,2,16,0000247E,00002C9C,9,45,0,
000005BC,000017AA,1,3,00001FCC,00002992,5,19,0,
00001C6A,00002C94,4,44,0000040C,00002438,1,8,0,
00000182,00001F56,1,5,000006FA,00001C02,1,4,0,
00000CE8,000014B2,2,3,000018AA,000021D0,3,7,0,
000005D4,00002092,1,6,0000218C,00002DD2,6,75,0,
00002712,0000280A,12,14,0,
000005D4,00002658,1,11,0000088A,000018DA,1,3,0,
00000FB6,00002D08,2,53,00000EAC,00001642,2,3,0,
000009D8,00000EB6,1,2,0000245A,00002E78,9,121,0,
0000195C,0000268E,4,12,0,
0000062A,00002D42,1,58,0000042E,000026C2,1,12,0,
00001036,00001ADC,2,4,000019EA,000025FE,4,11,0,
0000118E,00002A02,2,21,0000010A,00001886,1,3,0,
00000A96,00001A08,1,4,00000A64,00002156,1,6,0,
000009A4,000029E0,1,20,0000195A,00002340,4,8,0,
00000386,000020EC,1,6,0000006C,00002806,1,14,0,
00000D5E,0000274A,2,13,00000DD0,000024C6,2,9,0,
00000828,000023D4,1,8,00001B1A,00002D98,4,66,0,
00000E52,00002524,2,9,00001F48,00002268,5,7,0,
00000F4A,00002E96,2,134,00000D1C,0000229C,2,7,0,
00001A12,00001EDE,4,5,000004E4,000023A6,1,8,0,
000015C6,00002974,3,19,0,
000009AA,000024FE,1,9,00001D3C,00002A96,4,24,0,
00000F46,00002884,2,16,0000243C,00002F1C,8,361,0,
00000094,000019CE,1,4,00000DB8,00001DA2,2,4,0,
00000554,00001B30,1,4,00000986,00002982,1,19,0,
00002208,00002A7A,7,23,00001CB4,00002314,4,8,0,
0000021C,0000230A,1,7,0,
00000426,000012B2,1,3,00000CF0,00001388,2,3,0,
00000A0C,00001CD2,1,4,0,
000011D4,00002748,3,13,0000045C,00001832,1,3,0,
0,
00000B34,00002042,1,6,00000C3C,00001ECC,2,5,0,
0000108A,0000218C,2,6,00000508,00002EF8,1,237,0,
00000FB6,0000281C,2,14,0,
00001572,00002520,3,9,0,
00000972,00000CC0,1,2,00001FE8,00002262,5,7,0,
00001EB8,000025AA,5,10,00000D84,000029C6,2,20,0,
000016F6,00001EF0,3,5,0000178A,00002E22,3,93,0,
00002564,00002B9E,10,33,00000FAA,000011EE,2,3,0,
0000079E,000029F4,1,21,0,
000014E2,00001C4A,3,4,00001D30,000029E4,4,20,0,
00000F50,000023CC,2,8,00000A66,00002D52,1,60,0,
000017EA,000028C0,3,16,00000CC8,00001DE6,2,4,0,
00002864,00002B6C,15,31,00000E98,00001428,2,3,0,
00001C1C,00001ED8,4,5,0000069A,00000EB8,1,2,0,
00001E24,00002A76,5,23,0,
0,
00001946,0000240A,4,8,00001120,00001C46,2,4,0,
0000037A,00002762,1,13,00000508,00001BFA,1,4,0,
00000F6E,000012CA,2,3,00001350,000023F0,3,8,0,
00000232,00002018,1,6,000012A0,00002D9E,3,66,0,
00001946,00002138,4,6,000008EA,00001290,1,3,0,
00000758,00001A82,1,4,0,
00002160,000026E2,6,12,000000E2,00001DE2,1,4,0,
00000508,000020FA,1,6,000015CE,00002200,3,7,0,
0000084C,00001788,1,3,00000FB4,00002028,2,6,0,
00000BC6,00002532,1,9,000017CC,000024E8,3,9,0,
00000902,00002DDA,1,77,000000D8,00000C86,1,2,0,
00001F26,00002254,5,7,00000C66,000027B0,2,13,0,
00000E8A,000011BA,2,3,0,
00001748,00001EC8,3,5,000010F4,0000175C,2,3,0,
0000082E,0000117A,1,2,00002810,00002928,14,18,0,
00000FBC,00001ADA,2,4,000008FC,00002744,1,13,0,
00002326,00002924,8,17,000000FC,00002828,1,15,0,
0000185A,000025E6,3,11,000010BE,00001700,2,3,0,
0000167E,00002822,3,14,000017D8,00001B42,3,4,0,
00001052,00002EDE,2,186,00000A0A,000020E2,1,6,0,
00000036,00001498,1,3,0000042C,000014FE,1,3,0,
000010B8,00002594,2,10,00000E5A,000018E6,2,3,0,
00000C14,000010CE,1,2,0,
00000E4A,0000220E,2,7,00000216,00000F3A,1,2,0,
00000166,00002094,1,6,0,
00000B5E,00002234,1,7,00000198,00001B20,1,4,0,
00001970,000021DC,4,7,0000072C,00002184,1,6,0,
00002148,000022FC,6,7,00000860,000024C8,1,9,0,
00000A90,00001AB8,1,4,000005C6,00002B70,1,31,0,
00001420,0000295E,3,18,00000E5C,00002A72,2,23,0,
0,
0000075C,000021F4,1,7,00000914,00002366,1,8,0,
000014C4,00001F18,3,5,0,
00000F96,000015D8,2,3,0,
00000B6A,00002906,1,17,00001608,00001C76,3,4,0,
00001208,00002CB2,3,46,0,
000015D2,00001D68,3,4,00000936,00000DAA,1,2,0,
00001540,00002AC2,3,25,00000472,0000101A,1,2,0,
000002F0,000028EA,1,17,000009F4,000014E2,1,3,0,
00000386,0000130A,1,3,0,
00001712,00001D84,3,4,00001F82,00002C98,5,45,0,
000026AA,00002A86,12,24,000019B4,00002E50,4,105,0,
00001B92,00002F2A,4,615,00000086,000025E0,1,11,0,
00001828,000026D4,3,12,000006AC,00000EE0,1,2,0,
000015C6,00002ECA,3,172,00000FE2,00002A56,2,23,0,
00001454,00002440,3,8,00000474,00001730,1,3,0,
00000E6A,00001744,2,3,00001ACC,00002C12,4,37,0,
000005F0,00002174,1,6,000008FC,00001B36,1,4,0,
00000B84,00001D04,1,4,0000065E,00001478,1,3,0,
0000000E,00002DEA,1,79,00000002,00002E2C,1,95,0,
00001380,000027EE,3,14,00000B1E,000025E2,1,11,0,
000010E0,00002DFE,2,83,00001076,000011CA,2,3,0,
00000DC8,000021AC,2,6,0,
00001084,00001A02,2,4,0,
000010EA,000016E0,2,3,00000328,00002B50,1,30,0,
0000108A,0000160A,2,3,0,
00000BBE,00001548,1,3,0000118A,00001556,2,3,0,
00000E92,00001DF2,2,4,0,
00000274,00002DB0,1,69,00000C8E,0000224A,2,7,0,
000004E0,00002C78,1,43,00000444,0000163E,1,3,0,
00001B10,00001FC6,4,5,00000716,00001FCC,1,5,0,
00001A54,00002456,4,8,0,
000025A4,00002A6E,10,23,0000026C,00001142,1,2,0,
00000E56,0000157C,2,3,0,
00001388,0000191A,3,4,00001734,00002AD2,3,26,0,
0000036A,00001C10,1,4,000017BE,00002E60,3,113,0,
000001E4,00002176,1,6,0000244E,00002E5C,8,111,0,
00000B56,00002656,1,11,000016E6,00002BDA,3,35,0,
00001FA0,00002C2A,5,38,000000B6,00000DFA,1,2,0,
000001D0,00001748,1,3,0,
00000FAA,00002774,2,13,00001CFE,000027A8,4,13,0,
000010B0,0000248E,2,9,00000DEE,00001D72,2,4,0,
000002C4,00000E72,1,2,00000572,000023BE,1,8,0,
00000812,00000C46,1,2,0,
00001F4C,000029CE,5,20,00000072,0000166C,1,3,0,
00002C4C,00002E60,40,113,00001ECA,0000268E,5,12,0,
0000207E,00002942,6,18,00000A8E,00002CC6,1,47,0,
00000ACE,00002250,1,7,0,
00001A7A,00002C82,4,43,00000574,00002464,1,9,0,
00000C9C,000021DA,2,7,000012A0,00002986,3,19,0,
00000F62,00001812,2,3,00000ECA,00001E0E,2,4,0,
000015EA,00002A56,3,23,00000600,00001018,1,2,0,
0000108A,00001E28,2,5,000015A8,00001D52,3,4,0,
00000CE8,00002958,2,18,0,
000003B2,000026B8,1,12,000004B0,0000130C,1,3,0,
00000E80,00001AFA,2,4,00002010,00002234,6,7,0,
00001846,00002584,3,10,00000424,00001762,1,3,0,
000002EC,00002A04,1,21,00000B88,00002DAC,1,69,0,
00000C1A,00001C84,1,4,0,
000010DE,00002A6A,2,23,00001A7A,00002F08,4,260,1,
00000BD6,0000165E,1,3,0,
00000060,00001C80,1,4,000005F8,00002052,1,6,0,
000003E2,00002032,1,6,0000042A,00002EB4,1,152,0,
00001EDE,0000243A,5,8,00000128,00001AEC,1,4,0,
0000031A,000013C2,1,3,0000054E,00000FE8,1,2,0,
00002658,00002C34,11,39,00001B70,00002BAC,4,33,0,
00001982,00002EFE,4,244,000017B6,0000239C,3,8,0,
000002FA,0000236C,1,8,00001CA8,00002866,4,15,0,
000003D0,00002C56,1,41,000025F0,00002D76,11,62,1,
00000438,00002052,1,6,0000114E,0000170C,2,3,0,
0000081C,00001470,1,3,00000A06,00002034,1,6,0,
000002AE,000024F4,1,9,00001672,00001A96,3,4,0,
0000191E,00002148,4,6,0000186A,0000265A,3,11,0,
00000BD0,0000161C,1,3,000014E0,000028DA,3,17,0,
00000B98,000025D0,1,10,00001D40,00002F04,4,258,0,
00000AB2,000028CA,1,16,00001F24,00002170,5,6,0,
000007BC,00001FB0,1,5,000015DE,00002148,3,6,0,
00001D24,00002626,4,11,00000362,00002540,1,10,0,
0,
00002348,00002B96,8,32,000016E2,00001DBC,3,4,0,
00000016,0000234E,1,8,0,
00000E32,000019EA,2,4,00001CF2,00001EBC,4,5,0,
00001E8C,000026D2,5,12,0,
00000FE0,000016C0,2,3,0,
000029B0,00002CA0,19,45,0000179E,00002A62,3,23,0,
00002390,00002DC4,8,73,000006E2,0000282A,1,15,0,
00000F94,00002DA2,2,67,00000704,0000233C,1,8,0,
000003A8,00001DFA,1,4,0,
0000043A,00002C16,1,37,000016CA,00002D62,3,61,0,
00000652,0000173A,1,3,0,
000011CA,00001E18,3,4,00000810,000019EE,1,4,0,
00001ED0,00002818,5,14,00001BCC,00002308,4,7,0,
00001574,00001E34,3,5,0,
00000B18,000015FE,1,3,00000DA4,00002B34,2,29,0,
000013E8,00002B72,3,31,000001AA,00001790,1,3,0,
00000C94,00001A38,2,4,00001718,000021A4,3,6,0,
00000A0A,0000190A,1,4,00001C76,0000271C,4,12,0,
0000026E,00002CEA,1,51,0,
000005C4,00000EC4,1,2,000000E0,00001C5C,1,4,0,
00000968,00001DD0,1,4,0000040E,00001CAE,1,4,0,
0,
00002536,00002B86,9,32,000009E8,00000E7C,1,2,0,
00000962,000027C2,1,14,000012C4,00001AB2,3,4,0,
0000193A,00002316,4,8,0,
00001438,00001F66,3,5,0000067C,00001008,1,2,0,
00000BAA,00002CA0,1,45,00001276,00001A70,3,4,0,
00002BA0,00002ED2,33,178,0,
00001782,00001C50,3,4,0,
00001E9A,000022E6,5,7,00001222,00001D28,3,4,0,
00001AEA,000024E0,4,9,00000CB2,00001544,2,3,0,
000000C2,00002E42,1,102,00000E3C,000018B0,2,3,0,
000020B2,00002682,6,12,0,
00001A04,0000272E,4,12,00000756,000025AE,1,10,0,
00000A22,00001A3C,1,4,0,
000012A4,00002574,3,10,00000E1C,00002DB0,2,69,0,
000015FE,00002776,3,13,00001462,00002A6C,3,23,0,
0000119A,00002DD2,3,75,000012C2,00002684,3,12,0,
00000744,00000C92,1,2,00001F74,00002EC0,5,163,0,
00000700,00000DAC,1,2,0,
00000EBA,000027B2,2,13,000004F8,000028BE,1,16,0,
00000588,000018E4,1,3,00000782,00001872,1,3,0,
00001890,00002294,3,7,00001AF8,0000246E,4,9,0,
0,
000026FC,000028AC,12,16,000017EA,00002748,3,13,0,
0,
00000E3E,00002382,2,8,00000968,00000E08,1,2,0,
00001068,00002C72,2,42,00000530,00001BB4,1,4,0,
000008E6,000019E6,1,4,000021CA,0000272A,7,12,0,
00001066,00001F70,2,5,00000204,00002286,1,7,0,
00000784,00002C34,1,39,00000846,00002672,1,11,0,
00001A32,000029C6,4,20,00000BCE,000013A8,1,3,0,
00001CF2,0000218C,4,6,000004F4,00002426,1,8,0,
00000FCA,00001E9E,2,5,00002616,00002E04,11,84,0,
000004E8,000029C2,1,20,0,
000011DA,0000209C,3,6,00001AC0,0000282E,4,15,0,
00000488,00002022,1,6,0000068E,000023F8,1,8,0,
00002916,000029C2,17,20,00001F36,00001FFA,5,6,0,
00000164,00001672,1,3,000014D0,00002840,3,15,0,
00001102,00002D48,2,59,00002878,00002BCA,16,34,0,
0000143E,000026A6,3,12,000003A6,000020BA,1,6,0,
0000073A,00001F8A,1,5,0000048C,000029BE,1,20,0,
00000A64,00002788,1,13,0,
00001948,00002080,4,6,0000170A,00001E5E,3,5,0,
00000AA6,00001E28,1,5,00000BCC,00002DA2,1,67,0,
00001808,00002B02,3,27,0,
00000B78,000010AC,1,2,00001C7A,00002776,4,13,0,
000007FA,000019F2,1,4,00001248,00001C38,3,4,0,
000003CE,00001162,1,2,000011D8,00001FE0,3,5,0,
000013A2,00002358,3,8,00000F9E,0000151C,2,3,0,
0000012A,00000C4C,1,2,000018BC,00001ECE,3,5,0,
0000011E,00001AE6,1,4,000006A2,0000258C,1,10,0,
00000BA8,00001F46,1,5,00000152,00001D34,1,4,0,
00000C26,00000D32,1,2,0,
00000F86,00002DE2,2,78,00001780,000021DC,3,7,0,
000004EE,000011D8,1,3,00000484,0000233C,1,8,0,
000001F6,00001D9E,1,4,00001E88,00002E4E,5,105,0,
0,
0000091A,00001666,1,3,00001F9A,00002400,5,8,0,
000010BE,00001F76,2,5,000000D0,00001392,1,3,0,
00000190,00002B20,1,28,00002508,00002A92,9,24,0,
00000FF0,00002A6A,2,23,0,
0000073C,00001D10,1,4,00001916,00002772,4,13,0,
00001B38,00002530,4,9,00000656,00001D30,1,4,0,
00001398,00002DDE,3,77,0,
0,
0000000A,000019CC,1,4,0000047E,000023C6,1,8,0,
00001810,00001F82,3,5,000014A6,00002496,3,9,0,
000012DA,0000192C,3,4,000003B2,00001A0A,1,4,0,
000021BC,00002E1C,7,91,00002234,000029FA,7,21,0,
00001530,00001B70,3,4,0000054E,000029A4,1,19,0,
000004DE,0000116A,1,2,000010D8,00001E3C,2,5,0,
00000386,00001694,1,3,00000A1E,00002D18,1,54,0,
000006C4,000019FC,1,4,00000492,0000130A,1,3,0,
000006CE,00001788,1,3,00001F8A,00002858,5,15,0,
000016F2,000028D2,3,16,00000C76,00002D6A,2,61,0,
000001E8,0000295A,1,18,00001BE0,00001FBA,4,5,0,
000013BA,0000293E,3,18,0,
000006A0,00002F2A,1,615,00000A9A,00002B52,1,30,0,
00000B7E,00000CF4,1,2,0000083E,000028D6,1,17,0,
00001FF4,00002388,5,8,00000E4E,0000125C,2,3,0,
00001EA2,000026B8,5,12,00000C1C,000026C0,1,12,0,
000006F4,00002DAE,1,69,00001716,00002902,3,17,0,
0,
000009A6,00001F38,1,5,00001DE4,00002C20,4,38,0,
000003BC,00001F38,1,5,0000055E,00002C20,1,38,0,
0000017A,000025D8,1,10,0,
0000039A,0000246A,1,9,0,
00000F32,00001A54,2,4,00000384,000011D6,1,3,0,
000008DA,00002DD4,1,76,00000960,00002E02,1,83,0,
0000008C,000019B0,1,4,00000F32,000027CE,2,14,0,
00002170,0000274C,6,13,000017FC,00002B16,3,28,0,
0000174E,00002F1C,3,361,00001B0A,00002800,4,14,0,
00001F1E,00002698,5,12,0,
000018B4,0000214C,3,6,0000111C,0000222E,2,7,0,
000014B8,000019DA,3,4,00001764,00002D68,3,61,0,
00001AE8,000023EA,4,8,00001008,00002288,2,7,0,
000012A2,00001CFC,3,4,00001D88,00002154,4,6,0,
00001328,0000258E,3,10,000017C8,00002CBC,3,47,0,
00000B3E,00000EBC,1,2,00000CE2,00001BC6,2,4,0,
000000D4,000026FA,1,12,0,
000018C8,00002580,3,10,000006C0,000010D2,1,2,0,
000017DC,00002AB6,3,25,000003CA,0000155A,1,3,0,
00001B2E,000025CE,4,10,00000CC6,00001A82,2,4,0,
0000001A,00001CCE,1,4,0000070E,00001D16,1,4,0,
0000219E,000028AC,6,16,000004A4,00001F04,1,5,0,
00002A9A,00002E00,24,83,0,
00000A20,00000DB2,1,2,00000B38,00001F08,1,5,0,
00000C9A,00001FDC,2,5,0,
000013B8,00002D60,3,61,0,
000010BC,00001AD4,2,4,00000AA6,00000CBE,1,2,0,
00001986,00002BEC,4,35,0000252A,00002C06,9,36,0,
00000058,00002572,1,10,00001322,00002904,3,17,0,
00001114,000017C6,2,3,00000FDE,0000120C,2,3,0,
00000C64,000012DC,2,3,00000FBE,00001320,2,3,0,
000002F2,00002090,1,6,00001AF6,00002664,4,11,0,
00001EB2,0000294A,5,18,0,
00000706,000020EA,1,6,000005C2,00001CDC,1,4,0,
000017C4,0000299A,3,19,0,
000013EA,00002ECE,3,174,000003BE,00001444,1,3,0,
000016E0,00001E44,3,5,0,
0000195A,000027E0,4,14,0,
00001598,00002C36,3,39,00000E08,000016CA,2,3,0,
000011C4,000028FE,3,17,00000DFA,00002DCE,2,75,0,
00000148,000017BC,1,3,000002AC,00001D4A,1,4,0,
000001A8,00001288,1,3,0,
00001212,00002DC4,3,73,00000BB4,0000203C,1,6,0,
00000AE4,000023FA,1,8,00001932,0000292A,4,18,0,
000004E0,0000207E,1,6,00002288,000025FA,7,11,0,
000003DC,00002BC4,1,34,00002444,0000294E,8,18,0,
00000316,00001226,1,3,000010E2,00001D26,2,4,0,
00001816,00002C14,3,37,00000DD6,00001BBE,2,4,0,
0000030C,0000129A,1,3,000009BC,00001424,1,3,0,
000026AC,00002E34,12,96,0,
000010EC,000016B2,2,3,000003EC,00002196,1,6,0,
000005B0,00001658,1,3,000003CA,00001B8A,1,4,0,
000000DC,00000EDC,1,2,000004B8,00002300,1,7,0,
000004A6,00001148,1,2,00001006,00002E06,2,84,0,
000008EE,0000145E,1,3,00000A76,00002D2C,1,56,0,
000012EE,00002104,3,6,00001186,00002CD8,2,48,0,
000015FA,00001B42,3,4,0,
00000276,00001FE2,1,5,0000075E,00000EA4,1,2,0,
00000BCA,00001362,1,3,0000124E,0000222E,3,7,0,
00000E84,00002224,2,7,00001618,00001C3A,3,4,0,
0000031C,0000169A,1,3,00001B40,000020F2,4,6,0,
00001464,00001FC4,3,5,000028C2,00002B48,16,29,0,
00000CF4,00002C74,2,42,0,
00000632,00000EC4,1,2,00000A98,00001566,1,3,0,
00001598,00002342,3,8,00000D28,0000250C,2,9,0,
0000047A,00001810,1,3,00000DC0,00002B72,2,31,0,
00000E8A,000024DC,2,9,0,
00000876,00001DDE,1,4,000011E0,00001F12,3,5,0,
0000039E,000020FA,1,6,0,
00000068,00001C9C,1,4,0000088C,00002826,1,15,0,
00001E9E,000022E2,5,7,00001580,0000224E,3,7,0,
00002018,0000269E,6,12,0000087E,000013E4,1,3,0,
00002D8A,00002EEC,64,206,000017C6,0000210C,3,6,5,
00002806,00002B3E,14,29,00001402,00002DF8,3,82,0,
00001BC8,000028BE,4,16,00000200,0000239E,1,8,0,
000003AA,00002EBA,1,156,00001DDE,00002112,4,6,0,
00002568,00002B92,10,32,00001232,00002408,3,8,0,
00001634,00001F0C,3,5,00000BF2,00001ABE,1,4,0,
00000108,00002E0C,1,86,00002574,00002E40,10,102,0,
000000C2,00001A5C,1,4,0000035C,00001A12,1,4,0,
00001DA2,00002E4E,4,105,00002390,00002B12,8,28,0,
00000FDE,00001672,2,3,00000FFC,00002252,2,7,0,
00000FF6,000024E0,2,9,00000B36,0000288A,1,16,0,
00000F7A,00002582,2,10,00000BD6,00001734,1,3,0,
00000540,00001BB4,1,4,000004C4,00001E08,1,4,0,
00000990,000014AE,1,3,0,
00001768,00002B6E,3,31,0,
000009BE,00002ECC,1,173,00000210,00002AB4,1,25,0,
00001D38,00002690,4,12,00000476,00001EDA,1,5,0,
00000074,000011F8,1,3,00000DAC,00002554,2,10,0,
000018E2,00001B28,3,4,000017E4,00002AA2,3,24,0,
00000F2E,00002852,2,15,0000007C,0000241C,1,8,0,
000017BE,000026CC,3,12,00000580,000028E2,1,17,0,
0000039C,00001A88,1,4,00001240,00001E5A,3,5,0,
00000F90,00002EFE,2,244,0,
00000748,00002A7C,1,24,00000ADA,00002482,1,9,0,
000021D8,000029B4,7,19,0,
000011A4,000020D8,3,6,0,
0000198A,000022C2,4,7,0000157E,000021F2,3,7,0,
00000F34,00001BDE,2,4,00000CB0,000016D8,2,3,0,
000009BE,000026F2,1,12,00000B7E,00001230,1,3,0,
00000D5C,00001DAA,2,4,0000132E,00002314,3,8,0,
000022DC,0000255C,7,10,00001BF8,00002CA6,4,45,0,
00001E22,000026D2,5,12,000009FE,00001B2C,1,4,0,
00000E28,00001A8A,2,4,0000203C,00002584,6,10,0,
000007F4,00000ED0,1,2,00000B18,00002194,1,6,0,
000019D2,00002AB6,4,25,0000109A,00001450,2,3,0,
00002462,00002906,9,17,0,
000028B4,00002E22,16,93,00000C48,0000257C,2,10,0,
00001062,00001294,2,3,00000688,000018B0,1,3,0,
00001D98,00002C68,4,42,0,
0000185E,00002C44,3,40,000010D2,00002796,2,13,0,
00001DE6,00001FC0,4,5,000001D8,000027CA,1,14,0,
0000062C,00001F14,1,5,0,
00001FFE,000027B2,6,13,00001308,00002468,3,9,0,
00000BB6,00001CE0,1,4,00001BCC,00002640,4,11,0,
000015C2,00002DA4,3,67,00000ED0,0000214E,2,6,0,
00000AC8,00002856,1,15,00000E94,000027CC,2,14,0,
0000162E,00002EF2,3,216,0,
000007C8,00001D60,1,4,00000724,0000108E,1,2,0,
00000BA2,00001EE8,1,5,00000EC6,00002EF0,2,214,0,
00002296,00002B06,7,27,0,
000004D4,000017C8,1,3,00000812,000021B4,1,6,0,
00002380,00002E54,8,108,00000784,000021EE,1,7,0,
00000E1A,0000220C,2,7,00000074,000029FA,1,21,0,
00000958,00002CD4,1,48,0000004C,00002840,1,15,0,
00000872,00000E58,1,2,00000008,000024F2,1,9,0,
00002C18,00002F24,37,498,3,
00001C38,0000250C,4,9,00000EB6,00002740,2,13,0,
00000700,00002310,1,7,0,
00001318,00002B24,3,28,0000009C,000021EE,1,7,0,
0000237C,00002972,8,19,00001BC6,00002AD0,4,26,0,
00001320,00002B44,3,29,0,
00001D8A,00001FE2,4,5,00000CA6,00002774,2,13,0,
00000CAE,000025FC,2,11,0000003C,00001D32,1,4,0,
00001680,00001A14,3,4,0,
00001216,00002AC4,3,26,0,
0000036C,000017D8,1,3,0,
0000050A,00000D00,1,2,0000105C,000029B6,2,19,0,
000027B8,00002C22,14,38,00000E04,00002550,2,10,0,
00001376,00001A9A,3,4,00001A60,00002C92,4,44,0,
00000228,00002706,1,12,000024D0,00002824,9,14,0,
00001B00,00002862,4,15,0,
00001F54,000021C8,5,7,000017BC,00002878,3,16,0,
00000C84,000029E4,2,20,00000494,0000268A,1,12,0,
000016E6,0000245E,3,9,00000DD8,00002A98,2,24,0,
0000176E,00001BF0,3,4,00001472,0000251A,3,9,0,
00001BB2,0000210A,4,6,0,
000006DC,00002F08,1,260,000001FA,000017A0,1,3,0,
00000676,00002DE2,1,78,0000235A,00002B9C,8,32,0,
0000029C,000010A0,1,2,0,
00000852,0000285E,1,15,00002B14,00002B70,28,31,0,
00000072,00002E1C,1,91,00001C7E,000022C4,4,7,0,
00001092,000029D6,2,20,000017E2,00002C84,3,43,0,
00000700,00001210,1,3,00000AFA,0000266A,1,11,0,
00001B6E,00001FE6,4,5,0000117A,0000147C,2,3,0,
000026C2,0000291A,12,17,00000FB0,00001EAA,2,5,0,
0,
000012CE,000024EC,3,9,00000EAE,00001B20,2,4,0,
00000A8C,0000174E,1,3,0,
000014CC,00002BEE,3,36,0,
00000DD4,00002DFA,2,82,00000B54,000010D4,1,2,0,
00000F8A,000014D4,2,3,0,
0000003A,000012BC,1,3,00000EC2,00002038,2,6,0,
00000CA2,00001E74,2,5,0,
0000190E,00002E52,4,106,0,
000012E6,000027BC,3,14,00001376,0000236E,3,8,0,
0000240C,00002B84,8,32,0,
0000282E,000028D0,15,16,00000E8E,0000202C,2,6,0,
0000076E,0000131E,1,3,00001C42,00002A3A,4,22,0,
00001BE2,00002B7E,4,31,00001688,00001C1C,3,4,0,
0000083E,00001E86,1,5,00000658,000014E0,1,3,0,
00000DC4,00001604,2,3,00001B18,00002280,4,7,0,
00002C70,00002D60,42,61,00001020,00001AD6,2,4,0,
000025E8,00002E4E,11,105,00002236,00002CCA,7,48,0,
00001C5E,000029AC,4,19,00000E90,00001BF8,2,4,0,
00002346,00002A86,8,24,000023EE,00002EBE,8,160,2,
000007A8,000029C2,1,20,000010FA,0000238A,2,8,0,
00001F44,000020BC,5,6,00001072,00002784,2,13,0,
00000668,0000170A,1,3,0,
00001ABA,0000260A,4,11,00000390,00001C7E,1,4,0,
000018E6,00001E66,3,5,00000F98,000025D8,2,10,0,
000016B8,0000236C,3,8,00002B08,00002C50,27,40,0,
000017CA,00001DE2,3,4,0,
0000046E,00000C54,1,2,000013FE,00002F1A,3,346,0,
00000A18,0000276A,1,13,00000852,0000177A,1,3,0,
000011FE,00002410,3,8,00000902,00002D56,1,60,0,
000008A4,00002204,1,7,0,
000011F6,00001C9A,3,4,00002E90,00002EBA,132,156,2,
00002532,00002996,9,19,0,
00000428,000012A4,1,3,0000076E,000029C0,1,20,0,
0000131A,00001BF2,3,4,000005B8,00002846,1,15,0,
000010C2,00002E0C,2,86,000008F8,00000D0E,1,2,0,
000008F0,00000E9C,1,2,000019AC,00002D00,4,52,0,
00001BE8,0000209A,4,6,00000CA2,00002B20,2,28,0,
00000A50,00001DC6,1,4,00000B2A,00001EB4,1,5,0,
00000AAE,00000FE2,1,2,0,
00000680,00001304,1,3,0,
0000172C,000021A4,3,6,000013AE,00002C58,3,41,0,
000012A0,00002DFA,3,82,00000F86,0000256A,2,10,0,
00001178,00002BB2,2,33,0,
00000B18,00002B64,1,30,0000116C,000024EE,2,9,0,
00000690,00001816,1,3,0,
00000A1C,00001A4A,1,4,00000B0C,00001F9C,1,5,0,
000015BC,00002ACC,3,26,00000216,000028B8,1,16,0,
000013B8,000021FA,3,7,0000032C,00001B3A,1,4,0,
00000628,00002824,1,14,0,
00000B8E,000025B8,1,10,00000DAC,00001640,2,3,0,
00001B70,0000262C,4,11,00001FC2,000029E2,5,20,0,
00000552,00001B94,1,4,00000476,0000157A,1,3,0,
0000051E,00001110,1,2,00000458,00000F3A,1,2,0,
0000089E,00002B5A,1,30,000026F0,00002810,12,14,0,
00001794,00001ACE,3,4,00000A5A,00002242,1,7,0,
00000E46,00002E86,2,127,00000D86,00002DE8,2,79,0,
00000BFE,00002C0E,1,37,0,
00000A86,00002602,1,11,0000123C,0000223E,3,7,0,
00001CEC,000029EC,4,20,000002C8,0000164A,1,3,0,
0000117E,0000223E,2,7,000013FA,0000275C,3,13,0,
0000118C,0000228E,2,7,0000009A,000017EC,1,3,0,
00001A2C,000021E6,4,7,0,
00000D7E,00002B22,2,28,0000061E,00000CCE,1,2,0,
0000036E,00000CDE,1,2,0,
00000194,000013EE,1,3,00000ABA,00000FDA,1,2,0,
0000000A,00001630,1,3,0,
000018F8,00001FD0,3,5,00000C12,00000F90,1,2,0,
0000238A,00002A76,8,23,00001708,00002CAA,3,46,0,
00002D44,00002E52,58,106,00001948,00002EF4,4,222,4,
000001DA,00001FF4,1,5,0000150C,000026AC,3,12,0,
00001B2C,00002CFC,4,52,00000134,00002CB6,1,46,0,
0000023C,00002144,1,6,0,
000014EC,00002C40,3,39,0,
0000110A,00002020,2,6,00002A14,00002ADA,21,26,0,
000006F2,00002D94,1,66,0,
000027FA,00002CD6,14,48,00000EA2,00002716,2,12,0,
0000079A,0000241E,1,8,0,
00000974,00001F6E,1,5,0,
000001AA,000025E4,1,11,0,
0000054A,00002F2C,1,671,00002AC6,00002BE0,26,35,0,
0000069C,00000E1E,1,2,00001F28,00002D26,5,55,0,
000026BC,000028CA,12,16,00001A08,000029DA,4,20,0,
00001A34,00002D3A,4,57,00002174,000025FE,6,11,0,
000000E0,000017D4,1,3,00000CBC,00001DDE,2,4,0,
0000087A,00002840,1,15,0,
00001878,0000199E,3,4,00001266,00001D18,3,4,0,
00001410,00001CAC,3,4,000013C6,00001B32,3,4,0,
000009AA,00000D42,1,2,000016C2,00001B60,3,4,0,
00000980,00000DEC,1,2,0,
000000BA,00001E94,1,5,0000241C,00002DF4,8,82,0,
00000992,0000165A,1,3,00001AA0,000024BC,4,9,0,
