00000000,1,
00000002,1,
00000004,1,
00000006,1,
00000008,1,
0000000A,1,
0000000C,1,
0000000E,1,
00000010,1,
00000012,1,
00000014,1,
00000016,1,
00000018,1,
0000001A,1,
0000001C,1,
0000001E,1,
00000020,1,
00000022,1,
00000024,1,
00000026,1,
00000028,1,
0000002A,1,
0000002C,1,
0000002E,1,
00000030,1,
00000032,1,
00000034,1,
00000036,1,
00000038,1,
0000003A,1,
0000003C,1,
0000003E,1,
00000040,1,
00000042,1,
00000044,1,
00000046,1,
00000048,1,
0000004A,1,
0000004C,1,
0000004E,1,
00000050,1,
00000052,1,
00000054,1,
00000056,1,
00000058,1,
0000005A,1,
0000005C,1,
0000005E,1,
00000060,1,
00000062,1,
00000064,1,
00000066,1,
00000068,1,
0000006A,1,
0000006C,1,
0000006E,1,
00000070,1,
00000072,1,
00000074,1,
00000076,1,
00000078,1,
0000007A,1,
0000007C,1,
0000007E,1,
00000080,1,
00000082,1,
00000084,1,
00000086,1,
00000088,1,
0000008A,1,
0000008C,1,
0000008E,1,
00000090,1,
00000092,1,
00000094,1,
00000096,1,
00000098,1,
0000009A,1,
0000009C,1,
0000009E,1,
000000A0,1,
000000A2,1,
000000A4,1,
000000A6,1,
000000A8,1,
000000AA,1,
000000AC,1,
000000AE,1,
000000B0,1,
000000B2,1,
000000B4,1,
000000B6,1,
000000B8,1,
000000BA,1,
000000BC,1,
000000BE,1,
000000C0,1,
000000C2,1,
000000C4,1,
000000C6,1,
000000C8,1,
000000CA,1,
000000CC,1,
000000CE,1,
000000D0,1,
000000D2,1,
000000D4,1,
000000D6,1,
000000D8,1,
000000DA,1,
000000DC,1,
000000DE,1,
000000E0,1,
000000E2,1,
000000E4,1,
000000E6,1,
000000E8,1,
000000EA,1,
000000EC,1,
000000EE,1,
000000F0,1,
000000F2,1,
000000F4,1,
000000F6,1,
000000F8,1,
000000FA,1,
000000FC,1,
000000FE,1,
00000100,1,
00000102,1,
00000104,1,
00000106,1,
00000108,1,
0000010A,1,
0000010C,1,
0000010E,1,
00000110,1,
00000112,1,
00000114,1,
00000116,1,
00000118,1,
0000011A,1,
0000011C,1,
0000011E,1,
00000120,1,
00000122,1,
00000124,1,
00000126,1,
00000128,1,
0000012A,1,
0000012C,1,
0000012E,1,
00000130,1,
00000132,1,
00000134,1,
00000136,1,
00000138,1,
0000013A,1,
0000013C,1,
0000013E,1,
00000140,1,
00000142,1,
00000144,1,
00000146,1,
00000148,1,
0000014A,1,
0000014C,1,
0000014E,1,
00000150,1,
00000152,1,
00000154,1,
00000156,1,
00000158,1,
0000015A,1,
0000015C,1,
0000015E,1,
00000160,1,
00000162,1,
00000164,1,
00000166,1,
00000168,1,
0000016A,1,
0000016C,1,
0000016E,1,
00000170,1,
00000172,1,
00000174,1,
00000176,1,
00000178,1,
0000017A,1,
0000017C,1,
0000017E,1,
00000180,1,
00000182,1,
00000184,1,
00000186,1,
00000188,1,
0000018A,1,
0000018C,1,
0000018E,1,
00000190,1,
00000192,1,
00000194,1,
00000196,1,
00000198,1,
0000019A,1,
0000019C,1,
0000019E,1,
000001A0,1,
000001A2,1,
000001A4,1,
000001A6,1,
000001A8,1,
000001AA,1,
000001AC,1,
000001AE,1,
000001B0,1,
000001B2,1,
000001B4,1,
000001B6,1,
000001B8,1,
000001BA,1,
000001BC,1,
000001BE,1,
000001C0,1,
000001C2,1,
000001C4,1,
000001C6,1,
000001C8,1,
000001CA,1,
000001CC,1,
000001CE,1,
000001D0,1,
000001D2,1,
000001D4,1,
000001D6,1,
000001D8,1,
000001DA,1,
000001DC,1,
000001DE,1,
000001E0,1,
000001E2,1,
000001E4,1,
000001E6,1,
000001E8,1,
000001EA,1,
000001EC,1,
000001EE,1,
000001F0,1,
000001F2,1,
000001F4,1,
000001F6,1,
000001F8,1,
000001FA,1,
000001FC,1,
000001FE,1,
00000200,1,
00000202,1,
00000204,1,
00000206,1,
00000208,1,
0000020A,1,
0000020C,1,
0000020E,1,
00000210,1,
00000212,1,
00000214,1,
00000216,1,
00000218,1,
0000021A,1,
0000021C,1,
0000021E,1,
00000220,1,
00000222,1,
00000224,1,
00000226,1,
00000228,1,
0000022A,1,
0000022C,1,
0000022E,1,
00000230,1,
00000232,1,
00000234,1,
00000236,1,
00000238,1,
0000023A,1,
0000023C,1,
0000023E,1,
00000240,1,
00000242,1,
00000244,1,
00000246,1,
00000248,1,
0000024A,1,
0000024C,1,
0000024E,1,
00000250,1,
00000252,1,
00000254,1,
00000256,1,
00000258,1,
0000025A,1,
0000025C,1,
0000025E,1,
00000260,1,
00000262,1,
00000264,1,
00000266,1,
00000268,1,
0000026A,1,
0000026C,1,
0000026E,1,
00000270,1,
00000272,1,
00000274,1,
00000276,1,
00000278,1,
0000027A,1,
0000027C,1,
0000027E,1,
00000280,1,
00000282,1,
00000284,1,
00000286,1,
00000288,1,
0000028A,1,
0000028C,1,
0000028E,1,
00000290,1,
00000292,1,
00000294,1,
00000296,1,
00000298,1,
0000029A,1,
0000029C,1,
0000029E,1,
000002A0,1,
000002A2,1,
000002A4,1,
000002A6,1,
000002A8,1,
000002AA,1,
000002AC,1,
000002AE,1,
000002B0,1,
000002B2,1,
000002B4,1,
000002B6,1,
000002B8,1,
000002BA,1,
000002BC,1,
000002BE,1,
000002C0,1,
000002C2,1,
000002C4,1,
000002C6,1,
000002C8,1,
000002CA,1,
000002CC,1,
000002CE,1,
000002D0,1,
000002D2,1,
000002D4,1,
000002D6,1,
000002D8,1,
000002DA,1,
000002DC,1,
000002DE,1,
000002E0,1,
000002E2,1,
000002E4,1,
000002E6,1,
000002E8,1,
000002EA,1,
000002EC,1,
000002EE,1,
000002F0,1,
000002F2,1,
000002F4,1,
000002F6,1,
000002F8,1,
000002FA,1,
000002FC,1,
000002FE,1,
00000300,1,
00000302,1,
00000304,1,
00000306,1,
00000308,1,
0000030A,1,
0000030C,1,
0000030E,1,
00000310,1,
00000312,1,
00000314,1,
00000316,1,
00000318,1,
0000031A,1,
0000031C,1,
0000031E,1,
00000320,1,
00000322,1,
00000324,1,
00000326,1,
00000328,1,
0000032A,1,
0000032C,1,
0000032E,1,
00000330,1,
00000332,1,
00000334,1,
00000336,1,
00000338,1,
0000033A,1,
0000033C,1,
0000033E,1,
00000340,1,
00000342,1,
00000344,1,
00000346,1,
00000348,1,
0000034A,1,
0000034C,1,
0000034E,1,
00000350,1,
00000352,1,
00000354,1,
00000356,1,
00000358,1,
0000035A,1,
0000035C,1,
0000035E,1,
00000360,1,
00000362,1,
00000364,1,
00000366,1,
00000368,1,
0000036A,1,
0000036C,1,
0000036E,1,
00000370,1,
00000372,1,
00000374,1,
00000376,1,
00000378,1,
0000037A,1,
0000037C,1,
0000037E,1,
00000380,1,
00000382,1,
00000384,1,
00000386,1,
00000388,1,
0000038A,1,
0000038C,1,
0000038E,1,
00000390,1,
00000392,1,
00000394,1,
00000396,1,
00000398,1,
0000039A,1,
0000039C,1,
0000039E,1,
000003A0,1,
000003A2,1,
000003A4,1,
000003A6,1,
000003A8,1,
000003AA,1,
000003AC,1,
000003AE,1,
000003B0,1,
000003B2,1,
000003B4,1,
000003B6,1,
000003B8,1,
000003BA,1,
000003BC,1,
000003BE,1,
000003C0,1,
000003C2,1,
000003C4,1,
000003C6,1,
000003C8,1,
000003CA,1,
000003CC,1,
000003CE,1,
000003D0,1,
000003D2,1,
000003D4,1,
000003D6,1,
000003D8,1,
000003DA,1,
000003DC,1,
000003DE,1,
000003E0,1,
000003E2,1,
000003E4,1,
000003E6,1,
000003E8,1,
000003EA,1,
000003EC,1,
000003EE,1,
000003F0,1,
000003F2,1,
000003F4,1,
000003F6,1,
000003F8,1,
000003FA,1,
000003FC,1,
000003FE,1,
00000400,1,
00000402,1,
00000404,1,
00000406,1,
00000408,1,
0000040A,1,
0000040C,1,
0000040E,1,
00000410,1,
00000412,1,
00000414,1,
00000416,1,
00000418,1,
0000041A,1,
0000041C,1,
0000041E,1,
00000420,1,
00000422,1,
00000424,1,
00000426,1,
00000428,1,
0000042A,1,
0000042C,1,
0000042E,1,
00000430,1,
00000432,1,
00000434,1,
00000436,1,
00000438,1,
0000043A,1,
0000043C,1,
0000043E,1,
00000440,1,
00000442,1,
00000444,1,
00000446,1,
00000448,1,
0000044A,1,
0000044C,1,
0000044E,1,
00000450,1,
00000452,1,
00000454,1,
00000456,1,
00000458,1,
0000045A,1,
0000045C,1,
0000045E,1,
00000460,1,
00000462,1,
00000464,1,
00000466,1,
00000468,1,
0000046A,1,
0000046C,1,
0000046E,1,
00000470,1,
00000472,1,
00000474,1,
00000476,1,
00000478,1,
0000047A,1,
0000047C,1,
0000047E,1,
00000480,1,
00000482,1,
00000484,1,
00000486,1,
00000488,1,
0000048A,1,
0000048C,1,
0000048E,1,
00000490,1,
00000492,1,
00000494,1,
00000496,1,
00000498,1,
0000049A,1,
0000049C,1,
0000049E,1,
000004A0,1,
000004A2,1,
000004A4,1,
000004A6,1,
000004A8,1,
000004AA,1,
000004AC,1,
000004AE,1,
000004B0,1,
000004B2,1,
000004B4,1,
000004B6,1,
000004B8,1,
000004BA,1,
000004BC,1,
000004BE,1,
000004C0,1,
000004C2,1,
000004C4,1,
000004C6,1,
000004C8,1,
000004CA,1,
000004CC,1,
000004CE,1,
000004D0,1,
000004D2,1,
000004D4,1,
000004D6,1,
000004D8,1,
000004DA,1,
000004DC,1,
000004DE,1,
000004E0,1,
000004E2,1,
000004E4,1,
000004E6,1,
000004E8,1,
000004EA,1,
000004EC,1,
000004EE,1,
000004F0,1,
000004F2,1,
000004F4,1,
000004F6,1,
000004F8,1,
000004FA,1,
000004FC,1,
000004FE,1,
00000500,1,
00000502,1,
00000504,1,
00000506,1,
00000508,1,
0000050A,1,
0000050C,1,
0000050E,1,
00000510,1,
00000512,1,
00000514,1,
00000516,1,
00000518,1,
0000051A,1,
0000051C,1,
0000051E,1,
00000520,1,
00000522,1,
00000524,1,
00000526,1,
00000528,1,
0000052A,1,
0000052C,1,
0000052E,1,
00000530,1,
00000532,1,
00000534,1,
00000536,1,
00000538,1,
0000053A,1,
0000053C,1,
0000053E,1,
00000540,1,
00000542,1,
00000544,1,
00000546,1,
00000548,1,
0000054A,1,
0000054C,1,
0000054E,1,
00000550,1,
00000552,1,
00000554,1,
00000556,1,
00000558,1,
0000055A,1,
0000055C,1,
0000055E,1,
00000560,1,
00000562,1,
00000564,1,
00000566,1,
00000568,1,
0000056A,1,
0000056C,1,
0000056E,1,
00000570,1,
00000572,1,
00000574,1,
00000576,1,
00000578,1,
0000057A,1,
0000057C,1,
0000057E,1,
00000580,1,
00000582,1,
00000584,1,
00000586,1,
00000588,1,
0000058A,1,
0000058C,1,
0000058E,1,
00000590,1,
00000592,1,
00000594,1,
00000596,1,
00000598,1,
0000059A,1,
0000059C,1,
0000059E,1,
000005A0,1,
000005A2,1,
000005A4,1,
000005A6,1,
000005A8,1,
000005AA,1,
000005AC,1,
000005AE,1,
000005B0,1,
000005B2,1,
000005B4,1,
000005B6,1,
000005B8,1,
000005BA,1,
000005BC,1,
000005BE,1,
000005C0,1,
000005C2,1,
000005C4,1,
000005C6,1,
000005C8,1,
000005CA,1,
000005CC,1,
000005CE,1,
000005D0,1,
000005D2,1,
000005D4,1,
000005D6,1,
000005D8,1,
000005DA,1,
000005DC,1,
000005DE,1,
000005E0,1,
000005E2,1,
000005E4,1,
000005E6,1,
000005E8,1,
000005EA,1,
000005EC,1,
000005EE,1,
000005F0,1,
000005F2,1,
000005F4,1,
000005F6,1,
000005F8,1,
000005FA,1,
000005FC,1,
000005FE,1,
00000600,1,
00000602,1,
00000604,1,
00000606,1,
00000608,1,
0000060A,1,
0000060C,1,
0000060E,1,
00000610,1,
00000612,1,
00000614,1,
00000616,1,
00000618,1,
0000061A,1,
0000061C,1,
0000061E,1,
00000620,1,
00000622,1,
00000624,1,
00000626,1,
00000628,1,
0000062A,1,
0000062C,1,
0000062E,1,
00000630,1,
00000632,1,
00000634,1,
00000636,1,
00000638,1,
0000063A,1,
0000063C,1,
0000063E,1,
00000640,1,
00000642,1,
00000644,1,
00000646,1,
00000648,1,
0000064A,1,
0000064C,1,
0000064E,1,
00000650,1,
00000652,1,
00000654,1,
00000656,1,
00000658,1,
0000065A,1,
0000065C,1,
0000065E,1,
00000660,1,
00000662,1,
00000664,1,
00000666,1,
00000668,1,
0000066A,1,
0000066C,1,
0000066E,1,
00000670,1,
00000672,1,
00000674,1,
00000676,1,
00000678,1,
0000067A,1,
0000067C,1,
0000067E,1,
00000680,1,
00000682,1,
00000684,1,
00000686,1,
00000688,1,
0000068A,1,
0000068C,1,
0000068E,1,
00000690,1,
00000692,1,
00000694,1,
00000696,1,
00000698,1,
0000069A,1,
0000069C,1,
0000069E,1,
000006A0,1,
000006A2,1,
000006A4,1,
000006A6,1,
000006A8,1,
000006AA,1,
000006AC,1,
000006AE,1,
000006B0,1,
000006B2,1,
000006B4,1,
000006B6,1,
000006B8,1,
000006BA,1,
000006BC,1,
000006BE,1,
000006C0,1,
000006C2,1,
000006C4,1,
000006C6,1,
000006C8,1,
000006CA,1,
000006CC,1,
000006CE,1,
000006D0,1,
000006D2,1,
000006D4,1,
000006D6,1,
000006D8,1,
000006DA,1,
000006DC,1,
000006DE,1,
000006E0,1,
000006E2,1,
000006E4,1,
000006E6,1,
000006E8,1,
000006EA,1,
000006EC,1,
000006EE,1,
000006F0,1,
000006F2,1,
000006F4,1,
000006F6,1,
000006F8,1,
000006FA,1,
000006FC,1,
000006FE,1,
00000700,1,
00000702,1,
00000704,1,
00000706,1,
00000708,1,
0000070A,1,
0000070C,1,
0000070E,1,
00000710,1,
00000712,1,
00000714,1,
00000716,1,
00000718,1,
0000071A,1,
0000071C,1,
0000071E,1,
00000720,1,
00000722,1,
00000724,1,
00000726,1,
00000728,1,
0000072A,1,
0000072C,1,
0000072E,1,
00000730,1,
00000732,1,
00000734,1,
00000736,1,
00000738,1,
0000073A,1,
0000073C,1,
0000073E,1,
00000740,1,
00000742,1,
00000744,1,
00000746,1,
00000748,1,
0000074A,1,
0000074C,1,
0000074E,1,
00000750,1,
00000752,1,
00000754,1,
00000756,1,
00000758,1,
0000075A,1,
0000075C,1,
0000075E,1,
00000760,1,
00000762,1,
00000764,1,
00000766,1,
00000768,1,
0000076A,1,
0000076C,1,
0000076E,1,
00000770,1,
00000772,1,
00000774,1,
00000776,1,
00000778,1,
0000077A,1,
0000077C,1,
0000077E,1,
00000780,1,
00000782,1,
00000784,1,
00000786,1,
00000788,1,
0000078A,1,
0000078C,1,
0000078E,1,
00000790,1,
00000792,1,
00000794,1,
00000796,1,
00000798,1,
0000079A,1,
0000079C,1,
0000079E,1,
000007A0,1,
000007A2,1,
000007A4,1,
000007A6,1,
000007A8,1,
000007AA,1,
000007AC,1,
000007AE,1,
000007B0,1,
000007B2,1,
000007B4,1,
000007B6,1,
000007B8,1,
000007BA,1,
000007BC,1,
000007BE,1,
000007C0,1,
000007C2,1,
000007C4,1,
000007C6,1,
000007C8,1,
000007CA,1,
000007CC,1,
000007CE,1,
000007D0,1,
000007D2,1,
000007D4,1,
000007D6,1,
000007D8,1,
000007DA,1,
000007DC,1,
000007DE,1,
000007E0,1,
000007E2,1,
000007E4,1,
000007E6,1,
000007E8,1,
000007EA,1,
000007EC,1,
000007EE,1,
000007F0,1,
000007F2,1,
000007F4,1,
000007F6,1,
000007F8,1,
000007FA,1,
000007FC,1,
000007FE,1,
00000800,1,
00000802,1,
00000804,1,
00000806,1,
00000808,1,
0000080A,1,
0000080C,1,
0000080E,1,
00000810,1,
00000812,1,
00000814,1,
00000816,1,
00000818,1,
0000081A,1,
0000081C,1,
0000081E,1,
00000820,1,
00000822,1,
00000824,1,
00000826,1,
00000828,1,
0000082A,1,
0000082C,1,
0000082E,1,
00000830,1,
00000832,1,
00000834,1,
00000836,1,
00000838,1,
0000083A,1,
0000083C,1,
0000083E,1,
00000840,1,
00000842,1,
00000844,1,
00000846,1,
00000848,1,
0000084A,1,
0000084C,1,
0000084E,1,
00000850,1,
00000852,1,
00000854,1,
00000856,1,
00000858,1,
0000085A,1,
0000085C,1,
0000085E,1,
00000860,1,
00000862,1,
00000864,1,
00000866,1,
00000868,1,
0000086A,1,
0000086C,1,
0000086E,1,
00000870,1,
00000872,1,
00000874,1,
00000876,1,
00000878,1,
0000087A,1,
0000087C,1,
0000087E,1,
00000880,1,
00000882,1,
00000884,1,
00000886,1,
00000888,1,
0000088A,1,
0000088C,1,
0000088E,1,
00000890,1,
00000892,1,
00000894,1,
00000896,1,
00000898,1,
0000089A,1,
0000089C,1,
0000089E,1,
000008A0,1,
000008A2,1,
000008A4,1,
000008A6,1,
000008A8,1,
000008AA,1,
000008AC,1,
000008AE,1,
000008B0,1,
000008B2,1,
000008B4,1,
000008B6,1,
000008B8,1,
000008BA,1,
000008BC,1,
000008BE,1,
000008C0,1,
000008C2,1,
000008C4,1,
000008C6,1,
000008C8,1,
000008CA,1,
000008CC,1,
000008CE,1,
000008D0,1,
000008D2,1,
000008D4,1,
000008D6,1,
000008D8,1,
000008DA,1,
000008DC,1,
000008DE,1,
000008E0,1,
000008E2,1,
000008E4,1,
000008E6,1,
000008E8,1,
000008EA,1,
000008EC,1,
000008EE,1,
000008F0,1,
000008F2,1,
000008F4,1,
000008F6,1,
000008F8,1,
000008FA,1,
000008FC,1,
000008FE,1,
00000900,1,
00000902,1,
00000904,1,
00000906,1,
00000908,1,
0000090A,1,
0000090C,1,
0000090E,1,
00000910,1,
00000912,1,
00000914,1,
00000916,1,
00000918,1,
0000091A,1,
0000091C,1,
0000091E,1,
00000920,1,
00000922,1,
00000924,1,
00000926,1,
00000928,1,
0000092A,1,
0000092C,1,
0000092E,1,
00000930,1,
00000932,1,
00000934,1,
00000936,1,
00000938,1,
0000093A,1,
0000093C,1,
0000093E,1,
00000940,1,
00000942,1,
00000944,1,
00000946,1,
00000948,1,
0000094A,1,
0000094C,1,
0000094E,1,
00000950,1,
00000952,1,
00000954,1,
00000956,1,
00000958,1,
0000095A,1,
0000095C,1,
0000095E,1,
00000960,1,
00000962,1,
00000964,1,
00000966,1,
00000968,1,
0000096A,1,
0000096C,1,
0000096E,1,
00000970,1,
00000972,1,
00000974,1,
00000976,1,
00000978,1,
0000097A,1,
0000097C,1,
0000097E,1,
00000980,1,
00000982,1,
00000984,1,
00000986,1,
00000988,1,
0000098A,1,
0000098C,1,
0000098E,1,
00000990,1,
00000992,1,
00000994,1,
00000996,1,
00000998,1,
0000099A,1,
0000099C,1,
0000099E,1,
000009A0,1,
000009A2,1,
000009A4,1,
000009A6,1,
000009A8,1,
000009AA,1,
000009AC,1,
000009AE,1,
000009B0,1,
000009B2,1,
000009B4,1,
000009B6,1,
000009B8,1,
000009BA,1,
000009BC,1,
000009BE,1,
000009C0,1,
000009C2,1,
000009C4,1,
000009C6,1,
000009C8,1,
000009CA,1,
000009CC,1,
000009CE,1,
000009D0,1,
000009D2,1,
000009D4,1,
000009D6,1,
000009D8,1,
000009DA,1,
000009DC,1,
000009DE,1,
000009E0,1,
000009E2,1,
000009E4,1,
000009E6,1,
000009E8,1,
000009EA,1,
000009EC,1,
000009EE,1,
000009F0,1,
000009F2,1,
000009F4,1,
000009F6,1,
000009F8,1,
000009FA,1,
000009FC,1,
000009FE,1,
00000A00,1,
00000A02,1,
00000A04,1,
00000A06,1,
00000A08,1,
00000A0A,1,
00000A0C,1,
00000A0E,1,
00000A10,1,
00000A12,1,
00000A14,1,
00000A16,1,
00000A18,1,
00000A1A,1,
00000A1C,1,
00000A1E,1,
00000A20,1,
00000A22,1,
00000A24,1,
00000A26,1,
00000A28,1,
00000A2A,1,
00000A2C,1,
00000A2E,1,
00000A30,1,
00000A32,1,
00000A34,1,
00000A36,1,
00000A38,1,
00000A3A,1,
00000A3C,1,
00000A3E,1,
00000A40,1,
00000A42,1,
00000A44,1,
00000A46,1,
00000A48,1,
00000A4A,1,
00000A4C,1,
00000A4E,1,
00000A50,1,
00000A52,1,
00000A54,1,
00000A56,1,
00000A58,1,
00000A5A,1,
00000A5C,1,
00000A5E,1,
00000A60,1,
00000A62,1,
00000A64,1,
00000A66,1,
00000A68,1,
00000A6A,1,
00000A6C,1,
00000A6E,1,
00000A70,1,
00000A72,1,
00000A74,1,
00000A76,1,
00000A78,1,
00000A7A,1,
00000A7C,1,
00000A7E,1,
00000A80,1,
00000A82,1,
00000A84,1,
00000A86,1,
00000A88,1,
00000A8A,1,
00000A8C,1,
00000A8E,1,
00000A90,1,
00000A92,1,
00000A94,1,
00000A96,1,
00000A98,1,
00000A9A,1,
00000A9C,1,
00000A9E,1,
00000AA0,1,
00000AA2,1,
00000AA4,1,
00000AA6,1,
00000AA8,1,
00000AAA,1,
00000AAC,1,
00000AAE,1,
00000AB0,1,
00000AB2,1,
00000AB4,1,
00000AB6,1,
00000AB8,1,
00000ABA,1,
00000ABC,1,
00000ABE,1,
00000AC0,1,
00000AC2,1,
00000AC4,1,
00000AC6,1,
00000AC8,1,
00000ACA,1,
00000ACC,1,
00000ACE,1,
00000AD0,1,
00000AD2,1,
00000AD4,1,
00000AD6,1,
00000AD8,1,
00000ADA,1,
00000ADC,1,
00000ADE,1,
00000AE0,1,
00000AE2,1,
00000AE4,1,
00000AE6,1,
00000AE8,1,
00000AEA,1,
00000AEC,1,
00000AEE,1,
00000AF0,1,
00000AF2,1,
00000AF4,1,
00000AF6,1,
00000AF8,1,
00000AFA,1,
00000AFC,1,
00000AFE,1,
00000B00,1,
00000B02,1,
00000B04,1,
00000B06,1,
00000B08,1,
00000B0A,1,
00000B0C,1,
00000B0E,1,
00000B10,1,
00000B12,1,
00000B14,1,
00000B16,1,
00000B18,1,
00000B1A,1,
00000B1C,1,
00000B1E,1,
00000B20,1,
00000B22,1,
00000B24,1,
00000B26,1,
00000B28,1,
00000B2A,1,
00000B2C,1,
00000B2E,1,
00000B30,1,
00000B32,1,
00000B34,1,
00000B36,1,
00000B38,1,
00000B3A,1,
00000B3C,1,
00000B3E,1,
00000B40,1,
00000B42,1,
00000B44,1,
00000B46,1,
00000B48,1,
00000B4A,1,
00000B4C,1,
00000B4E,1,
00000B50,1,
00000B52,1,
00000B54,1,
00000B56,1,
00000B58,1,
00000B5A,1,
00000B5C,1,
00000B5E,1,
00000B60,1,
00000B62,1,
00000B64,1,
00000B66,1,
00000B68,1,
00000B6A,1,
00000B6C,1,
00000B6E,1,
00000B70,1,
00000B72,1,
00000B74,1,
00000B76,1,
00000B78,1,
00000B7A,1,
00000B7C,1,
00000B7E,1,
00000B80,1,
00000B82,1,
00000B84,1,
00000B86,1,
00000B88,1,
00000B8A,1,
00000B8C,1,
00000B8E,1,
00000B90,1,
00000B92,1,
00000B94,1,
00000B96,1,
00000B98,1,
00000B9A,1,
00000B9C,1,
00000B9E,1,
00000BA0,1,
00000BA2,1,
00000BA4,1,
00000BA6,1,
00000BA8,1,
00000BAA,1,
00000BAC,1,
00000BAE,1,
00000BB0,1,
00000BB2,1,
00000BB4,1,
00000BB6,1,
00000BB8,1,
00000BBA,1,
00000BBC,1,
00000BBE,1,
00000BC0,1,
00000BC2,1,
00000BC4,1,
00000BC6,1,
00000BC8,1,
00000BCA,1,
00000BCC,1,
00000BCE,1,
00000BD0,1,
00000BD2,1,
00000BD4,1,
00000BD6,1,
00000BD8,1,
00000BDA,1,
00000BDC,1,
00000BDE,1,
00000BE0,1,
00000BE2,1,
00000BE4,1,
00000BE6,1,
00000BE8,1,
00000BEA,1,
00000BEC,1,
00000BEE,1,
00000BF0,1,
00000BF2,1,
00000BF4,1,
00000BF6,1,
00000BF8,1,
00000BFA,1,
00000BFC,1,
00000BFE,1,
00000C00,1,
00000C02,1,
00000C04,1,
00000C06,1,
00000C08,1,
00000C0A,1,
00000C0C,1,
00000C0E,1,
00000C10,1,
00000C12,1,
00000C14,1,
00000C16,1,
00000C18,1,
00000C1A,1,
00000C1C,1,
00000C1E,1,
00000C20,1,
00000C22,1,
00000C24,1,
00000C26,1,
00000C28,1,
00000C2A,1,
00000C2C,1,
00000C2E,2,
00000C30,2,
00000C32,2,
00000C34,2,
00000C36,2,
00000C38,2,
00000C3A,2,
00000C3C,2,
00000C3E,2,
00000C40,2,
00000C42,2,
00000C44,2,
00000C46,2,
00000C48,2,
00000C4A,2,
00000C4C,2,
00000C4E,2,
00000C50,2,
00000C52,2,
00000C54,2,
00000C56,2,
00000C58,2,
00000C5A,2,
00000C5C,2,
00000C5E,2,
00000C60,2,
00000C62,2,
00000C64,2,
00000C66,2,
00000C68,2,
00000C6A,2,
00000C6C,2,
00000C6E,2,
00000C70,2,
00000C72,2,
00000C74,2,
00000C76,2,
00000C78,2,
00000C7A,2,
00000C7C,2,
00000C7E,2,
00000C80,2,
00000C82,2,
00000C84,2,
00000C86,2,
00000C88,2,
00000C8A,2,
00000C8C,2,
00000C8E,2,
00000C90,2,
00000C92,2,
00000C94,2,
00000C96,2,
00000C98,2,
00000C9A,2,
00000C9C,2,
00000C9E,2,
00000CA0,2,
00000CA2,2,
00000CA4,2,
00000CA6,2,
00000CA8,2,
00000CAA,2,
00000CAC,2,
00000CAE,2,
00000CB0,2,
00000CB2,2,
00000CB4,2,
00000CB6,2,
00000CB8,2,
00000CBA,2,
00000CBC,2,
00000CBE,2,
00000CC0,2,
00000CC2,2,
00000CC4,2,
00000CC6,2,
00000CC8,2,
00000CCA,2,
00000CCC,2,
00000CCE,2,
00000CD0,2,
00000CD2,2,
00000CD4,2,
00000CD6,2,
00000CD8,2,
00000CDA,2,
00000CDC,2,
00000CDE,2,
00000CE0,2,
00000CE2,2,
00000CE4,2,
00000CE6,2,
00000CE8,2,
00000CEA,2,
00000CEC,2,
00000CEE,2,
00000CF0,2,
00000CF2,2,
00000CF4,2,
00000CF6,2,
00000CF8,2,
00000CFA,2,
00000CFC,2,
00000CFE,2,
00000D00,2,
00000D02,2,
00000D04,2,
00000D06,2,
00000D08,2,
00000D0A,2,
00000D0C,2,
00000D0E,2,
00000D10,2,
00000D12,2,
00000D14,2,
00000D16,2,
00000D18,2,
00000D1A,2,
00000D1C,2,
00000D1E,2,
00000D20,2,
00000D22,2,
00000D24,2,
00000D26,2,
00000D28,2,
00000D2A,2,
00000D2C,2,
00000D2E,2,
00000D30,2,
00000D32,2,
00000D34,2,
00000D36,2,
00000D38,2,
00000D3A,2,
00000D3C,2,
00000D3E,2,
00000D40,2,
00000D42,2,
00000D44,2,
00000D46,2,
00000D48,2,
00000D4A,2,
00000D4C,2,
00000D4E,2,
00000D50,2,
00000D52,2,
00000D54,2,
00000D56,2,
00000D58,2,
00000D5A,2,
00000D5C,2,
00000D5E,2,
00000D60,2,
00000D62,2,
00000D64,2,
00000D66,2,
00000D68,2,
00000D6A,2,
00000D6C,2,
00000D6E,2,
00000D70,2,
00000D72,2,
00000D74,2,
00000D76,2,
00000D78,2,
00000D7A,2,
00000D7C,2,
00000D7E,2,
00000D80,2,
00000D82,2,
00000D84,2,
00000D86,2,
00000D88,2,
00000D8A,2,
00000D8C,2,
00000D8E,2,
00000D90,2,
00000D92,2,
00000D94,2,
00000D96,2,
00000D98,2,
00000D9A,2,
00000D9C,2,
00000D9E,2,
00000DA0,2,
00000DA2,2,
00000DA4,2,
00000DA6,2,
00000DA8,2,
00000DAA,2,
00000DAC,2,
00000DAE,2,
00000DB0,2,
00000DB2,2,
00000DB4,2,
00000DB6,2,
00000DB8,2,
00000DBA,2,
00000DBC,2,
00000DBE,2,
00000DC0,2,
00000DC2,2,
00000DC4,2,
00000DC6,2,
00000DC8,2,
00000DCA,2,
00000DCC,2,
00000DCE,2,
00000DD0,2,
00000DD2,2,
00000DD4,2,
00000DD6,2,
00000DD8,2,
00000DDA,2,
00000DDC,2,
00000DDE,2,
00000DE0,2,
00000DE2,2,
00000DE4,2,
00000DE6,2,
00000DE8,2,
00000DEA,2,
00000DEC,2,
00000DEE,2,
00000DF0,2,
00000DF2,2,
00000DF4,2,
00000DF6,2,
00000DF8,2,
00000DFA,2,
00000DFC,2,
00000DFE,2,
00000E00,2,
00000E02,2,
00000E04,2,
00000E06,2,
00000E08,2,
00000E0A,2,
00000E0C,2,
00000E0E,2,
00000E10,2,
00000E12,2,
00000E14,2,
00000E16,2,
00000E18,2,
00000E1A,2,
00000E1C,2,
00000E1E,2,
00000E20,2,
00000E22,2,
00000E24,2,
00000E26,2,
00000E28,2,
00000E2A,2,
00000E2C,2,
00000E2E,2,
00000E30,2,
00000E32,2,
00000E34,2,
00000E36,2,
00000E38,2,
00000E3A,2,
00000E3C,2,
00000E3E,2,
00000E40,2,
00000E42,2,
00000E44,2,
00000E46,2,
00000E48,2,
00000E4A,2,
00000E4C,2,
00000E4E,2,
00000E50,2,
00000E52,2,
00000E54,2,
00000E56,2,
00000E58,2,
00000E5A,2,
00000E5C,2,
00000E5E,2,
00000E60,2,
00000E62,2,
00000E64,2,
00000E66,2,
00000E68,2,
00000E6A,2,
00000E6C,2,
00000E6E,2,
00000E70,2,
00000E72,2,
00000E74,2,
00000E76,2,
00000E78,2,
00000E7A,2,
00000E7C,2,
00000E7E,2,
00000E80,2,
00000E82,2,
00000E84,2,
00000E86,2,
00000E88,2,
00000E8A,2,
00000E8C,2,
00000E8E,2,
00000E90,2,
00000E92,2,
00000E94,2,
00000E96,2,
00000E98,2,
00000E9A,2,
00000E9C,2,
00000E9E,2,
00000EA0,2,
00000EA2,2,
00000EA4,2,
00000EA6,2,
00000EA8,2,
00000EAA,2,
00000EAC,2,
00000EAE,2,
00000EB0,2,
00000EB2,2,
00000EB4,2,
00000EB6,2,
00000EB8,2,
00000EBA,2,
00000EBC,2,
00000EBE,2,
00000EC0,2,
00000EC2,2,
00000EC4,2,
00000EC6,2,
00000EC8,2,
00000ECA,2,
00000ECC,2,
00000ECE,2,
00000ED0,2,
00000ED2,2,
00000ED4,2,
00000ED6,2,
00000ED8,2,
00000EDA,2,
00000EDC,2,
00000EDE,2,
00000EE0,2,
00000EE2,2,
00000EE4,2,
00000EE6,2,
00000EE8,2,
00000EEA,2,
00000EEC,2,
00000EEE,2,
00000EF0,2,
00000EF2,2,
00000EF4,2,
00000EF6,2,
00000EF8,2,
00000EFA,2,
00000EFC,2,
00000EFE,2,
00000F00,2,
00000F02,2,
00000F04,2,
00000F06,2,
00000F08,2,
00000F0A,2,
00000F0C,2,
00000F0E,2,
00000F10,2,
00000F12,2,
00000F14,2,
00000F16,2,
00000F18,2,
00000F1A,2,
00000F1C,2,
00000F1E,2,
00000F20,2,
00000F22,2,
00000F24,2,
00000F26,2,
00000F28,2,
00000F2A,2,
00000F2C,2,
00000F2E,2,
00000F30,2,
00000F32,2,
00000F34,2,
00000F36,2,
00000F38,2,
00000F3A,2,
00000F3C,2,
00000F3E,2,
00000F40,2,
00000F42,2,
00000F44,2,
00000F46,2,
00000F48,2,
00000F4A,2,
00000F4C,2,
00000F4E,2,
00000F50,2,
00000F52,2,
00000F54,2,
00000F56,2,
00000F58,2,
00000F5A,2,
00000F5C,2,
00000F5E,2,
00000F60,2,
00000F62,2,
00000F64,2,
00000F66,2,
00000F68,2,
00000F6A,2,
00000F6C,2,
00000F6E,2,
00000F70,2,
00000F72,2,
00000F74,2,
00000F76,2,
00000F78,2,
00000F7A,2,
00000F7C,2,
00000F7E,2,
00000F80,2,
00000F82,2,
00000F84,2,
00000F86,2,
00000F88,2,
00000F8A,2,
00000F8C,2,
00000F8E,2,
00000F90,2,
00000F92,2,
00000F94,2,
00000F96,2,
00000F98,2,
00000F9A,2,
00000F9C,2,
00000F9E,2,
00000FA0,2,
00000FA2,2,
00000FA4,2,
00000FA6,2,
00000FA8,2,
00000FAA,2,
00000FAC,2,
00000FAE,2,
00000FB0,2,
00000FB2,2,
00000FB4,2,
00000FB6,2,
00000FB8,2,
00000FBA,2,
00000FBC,2,
00000FBE,2,
00000FC0,2,
00000FC2,2,
00000FC4,2,
00000FC6,2,
00000FC8,2,
00000FCA,2,
00000FCC,2,
00000FCE,2,
00000FD0,2,
00000FD2,2,
00000FD4,2,
00000FD6,2,
00000FD8,2,
00000FDA,2,
00000FDC,2,
00000FDE,2,
00000FE0,2,
00000FE2,2,
00000FE4,2,
00000FE6,2,
00000FE8,2,
00000FEA,2,
00000FEC,2,
00000FEE,2,
00000FF0,2,
00000FF2,2,
00000FF4,2,
00000FF6,2,
00000FF8,2,
00000FFA,2,
00000FFC,2,
00000FFE,2,
00001000,2,
00001002,2,
00001004,2,
00001006,2,
00001008,2,
0000100A,2,
0000100C,2,
0000100E,2,
00001010,2,
00001012,2,
00001014,2,
00001016,2,
00001018,2,
0000101A,2,
0000101C,2,
0000101E,2,
00001020,2,
00001022,2,
00001024,2,
00001026,2,
00001028,2,
0000102A,2,
0000102C,2,
0000102E,2,
00001030,2,
00001032,2,
00001034,2,
00001036,2,
00001038,2,
0000103A,2,
0000103C,2,
0000103E,2,
00001040,2,
00001042,2,
00001044,2,
00001046,2,
00001048,2,
0000104A,2,
0000104C,2,
0000104E,2,
00001050,2,
00001052,2,
00001054,2,
00001056,2,
00001058,2,
0000105A,2,
0000105C,2,
0000105E,2,
00001060,2,
00001062,2,
00001064,2,
00001066,2,
00001068,2,
0000106A,2,
0000106C,2,
0000106E,2,
00001070,2,
00001072,2,
00001074,2,
00001076,2,
00001078,2,
0000107A,2,
0000107C,2,
0000107E,2,
00001080,2,
00001082,2,
00001084,2,
00001086,2,
00001088,2,
0000108A,2,
0000108C,2,
0000108E,2,
00001090,2,
00001092,2,
00001094,2,
00001096,2,
00001098,2,
0000109A,2,
0000109C,2,
0000109E,2,
000010A0,2,
000010A2,2,
000010A4,2,
000010A6,2,
000010A8,2,
000010AA,2,
000010AC,2,
000010AE,2,
000010B0,2,
000010B2,2,
000010B4,2,
000010B6,2,
000010B8,2,
000010BA,2,
000010BC,2,
000010BE,2,
000010C0,2,
000010C2,2,
000010C4,2,
000010C6,2,
000010C8,2,
000010CA,2,
000010CC,2,
000010CE,2,
000010D0,2,
000010D2,2,
000010D4,2,
000010D6,2,
000010D8,2,
000010DA,2,
000010DC,2,
000010DE,2,
000010E0,2,
000010E2,2,
000010E4,2,
000010E6,2,
000010E8,2,
000010EA,2,
000010EC,2,
000010EE,2,
000010F0,2,
000010F2,2,
000010F4,2,
000010F6,2,
000010F8,2,
000010FA,2,
000010FC,2,
000010FE,2,
00001100,2,
00001102,2,
00001104,2,
00001106,2,
00001108,2,
0000110A,2,
0000110C,2,
0000110E,2,
00001110,2,
00001112,2,
00001114,2,
00001116,2,
00001118,2,
0000111A,2,
0000111C,2,
0000111E,2,
00001120,2,
00001122,2,
00001124,2,
00001126,2,
00001128,2,
0000112A,2,
0000112C,2,
0000112E,2,
00001130,2,
00001132,2,
00001134,2,
00001136,2,
00001138,2,
0000113A,2,
0000113C,2,
0000113E,2,
00001140,2,
00001142,2,
00001144,2,
00001146,2,
00001148,2,
0000114A,2,
0000114C,2,
0000114E,2,
00001150,2,
00001152,2,
00001154,2,
00001156,2,
00001158,2,
0000115A,2,
0000115C,2,
0000115E,2,
00001160,2,
00001162,2,
00001164,2,
00001166,2,
00001168,2,
0000116A,2,
0000116C,2,
0000116E,2,
00001170,2,
00001172,2,
00001174,2,
00001176,2,
00001178,2,
0000117A,2,
0000117C,2,
0000117E,2,
00001180,2,
00001182,2,
00001184,2,
00001186,2,
00001188,2,
0000118A,2,
0000118C,2,
0000118E,2,
00001190,2,
00001192,3,
00001194,3,
00001196,3,
00001198,3,
0000119A,3,
0000119C,3,
0000119E,3,
000011A0,3,
000011A2,3,
000011A4,3,
000011A6,3,
000011A8,3,
000011AA,3,
000011AC,3,
000011AE,3,
000011B0,3,
000011B2,3,
000011B4,3,
000011B6,3,
000011B8,3,
000011BA,3,
000011BC,3,
000011BE,3,
000011C0,3,
000011C2,3,
000011C4,3,
000011C6,3,
000011C8,3,
000011CA,3,
000011CC,3,
000011CE,3,
000011D0,3,
000011D2,3,
000011D4,3,
000011D6,3,
000011D8,3,
000011DA,3,
000011DC,3,
000011DE,3,
000011E0,3,
000011E2,3,
000011E4,3,
000011E6,3,
000011E8,3,
000011EA,3,
000011EC,3,
000011EE,3,
000011F0,3,
000011F2,3,
000011F4,3,
000011F6,3,
000011F8,3,
000011FA,3,
000011FC,3,
000011FE,3,
00001200,3,
00001202,3,
00001204,3,
00001206,3,
00001208,3,
0000120A,3,
0000120C,3,
0000120E,3,
00001210,3,
00001212,3,
00001214,3,
00001216,3,
00001218,3,
0000121A,3,
0000121C,3,
0000121E,3,
00001220,3,
00001222,3,
00001224,3,
00001226,3,
00001228,3,
0000122A,3,
0000122C,3,
0000122E,3,
00001230,3,
00001232,3,
00001234,3,
00001236,3,
00001238,3,
0000123A,3,
0000123C,3,
0000123E,3,
00001240,3,
00001242,3,
00001244,3,
00001246,3,
00001248,3,
0000124A,3,
0000124C,3,
0000124E,3,
00001250,3,
00001252,3,
00001254,3,
00001256,3,
00001258,3,
0000125A,3,
0000125C,3,
0000125E,3,
00001260,3,
00001262,3,
00001264,3,
00001266,3,
00001268,3,
0000126A,3,
0000126C,3,
0000126E,3,
00001270,3,
00001272,3,
00001274,3,
00001276,3,
00001278,3,
0000127A,3,
0000127C,3,
0000127E,3,
00001280,3,
00001282,3,
00001284,3,
00001286,3,
00001288,3,
0000128A,3,
0000128C,3,
0000128E,3,
00001290,3,
00001292,3,
00001294,3,
00001296,3,
00001298,3,
0000129A,3,
0000129C,3,
0000129E,3,
000012A0,3,
000012A2,3,
000012A4,3,
000012A6,3,
000012A8,3,
000012AA,3,
000012AC,3,
000012AE,3,
000012B0,3,
000012B2,3,
000012B4,3,
000012B6,3,
000012B8,3,
000012BA,3,
000012BC,3,
000012BE,3,
000012C0,3,
000012C2,3,
000012C4,3,
000012C6,3,
000012C8,3,
000012CA,3,
000012CC,3,
000012CE,3,
000012D0,3,
000012D2,3,
000012D4,3,
000012D6,3,
000012D8,3,
000012DA,3,
000012DC,3,
000012DE,3,
000012E0,3,
000012E2,3,
000012E4,3,
000012E6,3,
000012E8,3,
000012EA,3,
000012EC,3,
000012EE,3,
000012F0,3,
000012F2,3,
000012F4,3,
000012F6,3,
000012F8,3,
000012FA,3,
000012FC,3,
000012FE,3,
00001300,3,
00001302,3,
00001304,3,
00001306,3,
00001308,3,
0000130A,3,
0000130C,3,
0000130E,3,
00001310,3,
00001312,3,
00001314,3,
00001316,3,
00001318,3,
0000131A,3,
0000131C,3,
0000131E,3,
00001320,3,
00001322,3,
00001324,3,
00001326,3,
00001328,3,
0000132A,3,
0000132C,3,
0000132E,3,
00001330,3,
00001332,3,
00001334,3,
00001336,3,
00001338,3,
0000133A,3,
0000133C,3,
0000133E,3,
00001340,3,
00001342,3,
00001344,3,
00001346,3,
00001348,3,
0000134A,3,
0000134C,3,
0000134E,3,
00001350,3,
00001352,3,
00001354,3,
00001356,3,
00001358,3,
0000135A,3,
0000135C,3,
0000135E,3,
00001360,3,
00001362,3,
00001364,3,
00001366,3,
00001368,3,
0000136A,3,
0000136C,3,
0000136E,3,
00001370,3,
00001372,3,
00001374,3,
00001376,3,
00001378,3,
0000137A,3,
0000137C,3,
0000137E,3,
00001380,3,
00001382,3,
00001384,3,
00001386,3,
00001388,3,
0000138A,3,
0000138C,3,
0000138E,3,
00001390,3,
00001392,3,
00001394,3,
00001396,3,
00001398,3,
0000139A,3,
0000139C,3,
0000139E,3,
000013A0,3,
000013A2,3,
000013A4,3,
000013A6,3,
000013A8,3,
000013AA,3,
000013AC,3,
000013AE,3,
000013B0,3,
000013B2,3,
000013B4,3,
000013B6,3,
000013B8,3,
000013BA,3,
000013BC,3,
000013BE,3,
000013C0,3,
000013C2,3,
000013C4,3,
000013C6,3,
000013C8,3,
000013CA,3,
000013CC,3,
000013CE,3,
000013D0,3,
000013D2,3,
000013D4,3,
000013D6,3,
000013D8,3,
000013DA,3,
000013DC,3,
000013DE,3,
000013E0,3,
000013E2,3,
000013E4,3,
000013E6,3,
000013E8,3,
000013EA,3,
000013EC,3,
000013EE,3,
000013F0,3,
000013F2,3,
000013F4,3,
000013F6,3,
000013F8,3,
000013FA,3,
000013FC,3,
000013FE,3,
00001400,3,
00001402,3,
00001404,3,
00001406,3,
00001408,3,
0000140A,3,
0000140C,3,
0000140E,3,
00001410,3,
00001412,3,
00001414,3,
00001416,3,
00001418,3,
0000141A,3,
0000141C,3,
0000141E,3,
00001420,3,
00001422,3,
00001424,3,
00001426,3,
00001428,3,
0000142A,3,
0000142C,3,
0000142E,3,
00001430,3,
00001432,3,
00001434,3,
00001436,3,
00001438,3,
0000143A,3,
0000143C,3,
0000143E,3,
00001440,3,
00001442,3,
00001444,3,
00001446,3,
00001448,3,
0000144A,3,
0000144C,3,
0000144E,3,
00001450,3,
00001452,3,
00001454,3,
00001456,3,
00001458,3,
0000145A,3,
0000145C,3,
0000145E,3,
00001460,3,
00001462,3,
00001464,3,
00001466,3,
00001468,3,
0000146A,3,
0000146C,3,
0000146E,3,
00001470,3,
00001472,3,
00001474,3,
00001476,3,
00001478,3,
0000147A,3,
0000147C,3,
0000147E,3,
00001480,3,
00001482,3,
00001484,3,
00001486,3,
00001488,3,
0000148A,3,
0000148C,3,
0000148E,3,
00001490,3,
00001492,3,
00001494,3,
00001496,3,
00001498,3,
0000149A,3,
0000149C,3,
0000149E,3,
000014A0,3,
000014A2,3,
000014A4,3,
000014A6,3,
000014A8,3,
000014AA,3,
000014AC,3,
000014AE,3,
000014B0,3,
000014B2,3,
000014B4,3,
000014B6,3,
000014B8,3,
000014BA,3,
000014BC,3,
000014BE,3,
000014C0,3,
000014C2,3,
000014C4,3,
000014C6,3,
000014C8,3,
000014CA,3,
000014CC,3,
000014CE,3,
000014D0,3,
000014D2,3,
000014D4,3,
000014D6,3,
000014D8,3,
000014DA,3,
000014DC,3,
000014DE,3,
000014E0,3,
000014E2,3,
000014E4,3,
000014E6,3,
000014E8,3,
000014EA,3,
000014EC,3,
000014EE,3,
000014F0,3,
000014F2,3,
000014F4,3,
000014F6,3,
000014F8,3,
000014FA,3,
000014FC,3,
000014FE,3,
00001500,3,
00001502,3,
00001504,3,
00001506,3,
00001508,3,
0000150A,3,
0000150C,3,
0000150E,3,
00001510,3,
00001512,3,
00001514,3,
00001516,3,
00001518,3,
0000151A,3,
0000151C,3,
0000151E,3,
00001520,3,
00001522,3,
00001524,3,
00001526,3,
00001528,3,
0000152A,3,
0000152C,3,
0000152E,3,
00001530,3,
00001532,3,
00001534,3,
00001536,3,
00001538,3,
0000153A,3,
0000153C,3,
0000153E,3,
00001540,3,
00001542,3,
00001544,3,
00001546,3,
00001548,3,
0000154A,3,
0000154C,3,
0000154E,3,
00001550,3,
00001552,3,
00001554,3,
00001556,3,
00001558,3,
0000155A,3,
0000155C,3,
0000155E,3,
00001560,3,
00001562,3,
00001564,3,
00001566,3,
00001568,3,
0000156A,3,
0000156C,3,
0000156E,3,
00001570,3,
00001572,3,
00001574,3,
00001576,3,
00001578,3,
0000157A,3,
0000157C,3,
0000157E,3,
00001580,3,
00001582,3,
00001584,3,
00001586,3,
00001588,3,
0000158A,3,
0000158C,3,
0000158E,3,
00001590,3,
00001592,3,
00001594,3,
00001596,3,
00001598,3,
0000159A,3,
0000159C,3,
0000159E,3,
000015A0,3,
000015A2,3,
000015A4,3,
000015A6,3,
000015A8,3,
000015AA,3,
000015AC,3,
000015AE,3,
000015B0,3,
000015B2,3,
000015B4,3,
000015B6,3,
000015B8,3,
000015BA,3,
000015BC,3,
000015BE,3,
000015C0,3,
000015C2,3,
000015C4,3,
000015C6,3,
000015C8,3,
000015CA,3,
000015CC,3,
000015CE,3,
000015D0,3,
000015D2,3,
000015D4,3,
000015D6,3,
000015D8,3,
000015DA,3,
000015DC,3,
000015DE,3,
000015E0,3,
000015E2,3,
000015E4,3,
000015E6,3,
000015E8,3,
000015EA,3,
000015EC,3,
000015EE,3,
000015F0,3,
000015F2,3,
000015F4,3,
000015F6,3,
000015F8,3,
000015FA,3,
000015FC,3,
000015FE,3,
00001600,3,
00001602,3,
00001604,3,
00001606,3,
00001608,3,
0000160A,3,
0000160C,3,
0000160E,3,
00001610,3,
00001612,3,
00001614,3,
00001616,3,
00001618,3,
0000161A,3,
0000161C,3,
0000161E,3,
00001620,3,
00001622,3,
00001624,3,
00001626,3,
00001628,3,
0000162A,3,
0000162C,3,
0000162E,3,
00001630,3,
00001632,3,
00001634,3,
00001636,3,
00001638,3,
0000163A,3,
0000163C,3,
0000163E,3,
00001640,3,
00001642,3,
00001644,3,
00001646,3,
00001648,3,
0000164A,3,
0000164C,3,
0000164E,3,
00001650,3,
00001652,3,
00001654,3,
00001656,3,
00001658,3,
0000165A,3,
0000165C,3,
0000165E,3,
00001660,3,
00001662,3,
00001664,3,
00001666,3,
00001668,3,
0000166A,3,
0000166C,3,
0000166E,3,
00001670,3,
00001672,3,
00001674,3,
00001676,3,
00001678,3,
0000167A,3,
0000167C,3,
0000167E,3,
00001680,3,
00001682,3,
00001684,3,
00001686,3,
00001688,3,
0000168A,3,
0000168C,3,
0000168E,3,
00001690,3,
00001692,3,
00001694,3,
00001696,3,
00001698,3,
0000169A,3,
0000169C,3,
0000169E,3,
000016A0,3,
000016A2,3,
000016A4,3,
000016A6,3,
000016A8,3,
000016AA,3,
000016AC,3,
000016AE,3,
000016B0,3,
000016B2,3,
000016B4,3,
000016B6,3,
000016B8,3,
000016BA,3,
000016BC,3,
000016BE,3,
000016C0,3,
000016C2,3,
000016C4,3,
000016C6,3,
000016C8,3,
000016CA,3,
000016CC,3,
000016CE,3,
000016D0,3,
000016D2,3,
000016D4,3,
000016D6,3,
000016D8,3,
000016DA,3,
000016DC,3,
000016DE,3,
000016E0,3,
000016E2,3,
000016E4,3,
000016E6,3,
000016E8,3,
000016EA,3,
000016EC,3,
000016EE,3,
000016F0,3,
000016F2,3,
000016F4,3,
000016F6,3,
000016F8,3,
000016FA,3,
000016FC,3,
000016FE,3,
00001700,3,
00001702,3,
00001704,3,
00001706,3,
00001708,3,
0000170A,3,
0000170C,3,
0000170E,3,
00001710,3,
00001712,3,
00001714,3,
00001716,3,
00001718,3,
0000171A,3,
0000171C,3,
0000171E,3,
00001720,3,
00001722,3,
00001724,3,
00001726,3,
00001728,3,
0000172A,3,
0000172C,3,
0000172E,3,
00001730,3,
00001732,3,
00001734,3,
00001736,3,
00001738,3,
0000173A,3,
0000173C,3,
0000173E,3,
00001740,3,
00001742,3,
00001744,3,
00001746,3,
00001748,3,
0000174A,3,
0000174C,3,
0000174E,3,
00001750,3,
00001752,3,
00001754,3,
00001756,3,
00001758,3,
0000175A,3,
0000175C,3,
0000175E,3,
00001760,3,
00001762,3,
00001764,3,
00001766,3,
00001768,3,
0000176A,3,
0000176C,3,
0000176E,3,
00001770,3,
00001772,3,
00001774,3,
00001776,3,
00001778,3,
0000177A,3,
0000177C,3,
0000177E,3,
00001780,3,
00001782,3,
00001784,3,
00001786,3,
00001788,3,
0000178A,3,
0000178C,3,
0000178E,3,
00001790,3,
00001792,3,
00001794,3,
00001796,3,
00001798,3,
0000179A,3,
0000179C,3,
0000179E,3,
000017A0,3,
000017A2,3,
000017A4,3,
000017A6,3,
000017A8,3,
000017AA,3,
000017AC,3,
000017AE,3,
000017B0,3,
000017B2,3,
000017B4,3,
000017B6,3,
000017B8,3,
000017BA,3,
000017BC,3,
000017BE,3,
000017C0,3,
000017C2,3,
000017C4,3,
000017C6,3,
000017C8,3,
000017CA,3,
000017CC,3,
000017CE,3,
000017D0,3,
000017D2,3,
000017D4,3,
000017D6,3,
000017D8,3,
000017DA,3,
000017DC,3,
000017DE,3,
000017E0,3,
000017E2,3,
000017E4,3,
000017E6,3,
000017E8,3,
000017EA,3,
000017EC,3,
000017EE,3,
000017F0,3,
000017F2,3,
000017F4,3,
000017F6,3,
000017F8,3,
000017FA,3,
000017FC,3,
000017FE,3,
00001800,3,
00001802,3,
00001804,3,
00001806,3,
00001808,3,
0000180A,3,
0000180C,3,
0000180E,3,
00001810,3,
00001812,3,
00001814,3,
00001816,3,
00001818,3,
0000181A,3,
0000181C,3,
0000181E,3,
00001820,3,
00001822,3,
00001824,3,
00001826,3,
00001828,3,
0000182A,3,
0000182C,3,
0000182E,3,
00001830,3,
00001832,3,
00001834,3,
00001836,3,
00001838,3,
0000183A,3,
0000183C,3,
0000183E,3,
00001840,3,
00001842,3,
00001844,3,
00001846,3,
00001848,3,
0000184A,3,
0000184C,3,
0000184E,3,
00001850,3,
00001852,3,
00001854,3,
00001856,3,
00001858,3,
0000185A,3,
0000185C,3,
0000185E,3,
00001860,3,
00001862,3,
00001864,3,
00001866,3,
00001868,3,
0000186A,3,
0000186C,3,
0000186E,3,
00001870,3,
00001872,3,
00001874,3,
00001876,3,
00001878,3,
0000187A,3,
0000187C,3,
0000187E,3,
00001880,3,
00001882,3,
00001884,3,
00001886,3,
00001888,3,
0000188A,3,
0000188C,3,
0000188E,3,
00001890,3,
00001892,3,
00001894,3,
00001896,3,
00001898,3,
0000189A,3,
0000189C,3,
0000189E,3,
000018A0,3,
000018A2,3,
000018A4,3,
000018A6,3,
000018A8,3,
000018AA,3,
000018AC,3,
000018AE,3,
000018B0,3,
000018B2,3,
000018B4,3,
000018B6,3,
000018B8,3,
000018BA,3,
000018BC,3,
000018BE,3,
000018C0,3,
000018C2,3,
000018C4,3,
000018C6,3,
000018C8,3,
000018CA,3,
000018CC,3,
000018CE,3,
000018D0,3,
000018D2,3,
000018D4,3,
000018D6,3,
000018D8,3,
000018DA,3,
000018DC,3,
000018DE,3,
000018E0,3,
000018E2,3,
000018E4,3,
000018E6,3,
000018E8,3,
000018EA,3,
000018EC,3,
000018EE,3,
000018F0,3,
000018F2,3,
000018F4,3,
000018F6,3,
000018F8,3,
000018FA,3,
000018FC,3,
000018FE,3,
00001900,3,
00001902,3,
00001904,4,
00001906,4,
00001908,4,
0000190A,4,
0000190C,4,
0000190E,4,
00001910,4,
00001912,4,
00001914,4,
00001916,4,
00001918,4,
0000191A,4,
0000191C,4,
0000191E,4,
00001920,4,
00001922,4,
00001924,4,
00001926,4,
00001928,4,
0000192A,4,
0000192C,4,
0000192E,4,
00001930,4,
00001932,4,
00001934,4,
00001936,4,
00001938,4,
0000193A,4,
0000193C,4,
0000193E,4,
00001940,4,
00001942,4,
00001944,4,
00001946,4,
00001948,4,
0000194A,4,
0000194C,4,
0000194E,4,
00001950,4,
00001952,4,
00001954,4,
00001956,4,
00001958,4,
0000195A,4,
0000195C,4,
0000195E,4,
00001960,4,
00001962,4,
00001964,4,
00001966,4,
00001968,4,
0000196A,4,
0000196C,4,
0000196E,4,
00001970,4,
00001972,4,
00001974,4,
00001976,4,
00001978,4,
0000197A,4,
0000197C,4,
0000197E,4,
00001980,4,
00001982,4,
00001984,4,
00001986,4,
00001988,4,
0000198A,4,
0000198C,4,
0000198E,4,
00001990,4,
00001992,4,
00001994,4,
00001996,4,
00001998,4,
0000199A,4,
0000199C,4,
0000199E,4,
000019A0,4,
000019A2,4,
000019A4,4,
000019A6,4,
000019A8,4,
000019AA,4,
000019AC,4,
000019AE,4,
000019B0,4,
000019B2,4,
000019B4,4,
000019B6,4,
000019B8,4,
000019BA,4,
000019BC,4,
000019BE,4,
000019C0,4,
000019C2,4,
000019C4,4,
000019C6,4,
000019C8,4,
000019CA,4,
000019CC,4,
000019CE,4,
000019D0,4,
000019D2,4,
000019D4,4,
000019D6,4,
000019D8,4,
000019DA,4,
000019DC,4,
000019DE,4,
000019E0,4,
000019E2,4,
000019E4,4,
000019E6,4,
000019E8,4,
000019EA,4,
000019EC,4,
000019EE,4,
000019F0,4,
000019F2,4,
000019F4,4,
000019F6,4,
000019F8,4,
000019FA,4,
000019FC,4,
000019FE,4,
00001A00,4,
00001A02,4,
00001A04,4,
00001A06,4,
00001A08,4,
00001A0A,4,
00001A0C,4,
00001A0E,4,
00001A10,4,
00001A12,4,
00001A14,4,
00001A16,4,
00001A18,4,
00001A1A,4,
00001A1C,4,
00001A1E,4,
00001A20,4,
00001A22,4,
00001A24,4,
00001A26,4,
00001A28,4,
00001A2A,4,
00001A2C,4,
00001A2E,4,
00001A30,4,
00001A32,4,
00001A34,4,
00001A36,4,
00001A38,4,
00001A3A,4,
00001A3C,4,
00001A3E,4,
00001A40,4,
00001A42,4,
00001A44,4,
00001A46,4,
00001A48,4,
00001A4A,4,
00001A4C,4,
00001A4E,4,
00001A50,4,
00001A52,4,
00001A54,4,
00001A56,4,
00001A58,4,
00001A5A,4,
00001A5C,4,
00001A5E,4,
00001A60,4,
00001A62,4,
00001A64,4,
00001A66,4,
00001A68,4,
00001A6A,4,
00001A6C,4,
00001A6E,4,
00001A70,4,
00001A72,4,
00001A74,4,
00001A76,4,
00001A78,4,
00001A7A,4,
00001A7C,4,
00001A7E,4,
00001A80,4,
00001A82,4,
00001A84,4,
00001A86,4,
00001A88,4,
00001A8A,4,
00001A8C,4,
00001A8E,4,
00001A90,4,
00001A92,4,
00001A94,4,
00001A96,4,
00001A98,4,
00001A9A,4,
00001A9C,4,
00001A9E,4,
00001AA0,4,
00001AA2,4,
00001AA4,4,
00001AA6,4,
00001AA8,4,
00001AAA,4,
00001AAC,4,
00001AAE,4,
00001AB0,4,
00001AB2,4,
00001AB4,4,
00001AB6,4,
00001AB8,4,
00001ABA,4,
00001ABC,4,
00001ABE,4,
00001AC0,4,
00001AC2,4,
00001AC4,4,
00001AC6,4,
00001AC8,4,
00001ACA,4,
00001ACC,4,
00001ACE,4,
00001AD0,4,
00001AD2,4,
00001AD4,4,
00001AD6,4,
00001AD8,4,
00001ADA,4,
00001ADC,4,
00001ADE,4,
00001AE0,4,
00001AE2,4,
00001AE4,4,
00001AE6,4,
00001AE8,4,
00001AEA,4,
00001AEC,4,
00001AEE,4,
00001AF0,4,
00001AF2,4,
00001AF4,4,
00001AF6,4,
00001AF8,4,
00001AFA,4,
00001AFC,4,
00001AFE,4,
00001B00,4,
00001B02,4,
00001B04,4,
00001B06,4,
00001B08,4,
00001B0A,4,
00001B0C,4,
00001B0E,4,
00001B10,4,
00001B12,4,
00001B14,4,
00001B16,4,
00001B18,4,
00001B1A,4,
00001B1C,4,
00001B1E,4,
00001B20,4,
00001B22,4,
00001B24,4,
00001B26,4,
00001B28,4,
00001B2A,4,
00001B2C,4,
00001B2E,4,
00001B30,4,
00001B32,4,
00001B34,4,
00001B36,4,
00001B38,4,
00001B3A,4,
00001B3C,4,
00001B3E,4,
00001B40,4,
00001B42,4,
00001B44,4,
00001B46,4,
00001B48,4,
00001B4A,4,
00001B4C,4,
00001B4E,4,
00001B50,4,
00001B52,4,
00001B54,4,
00001B56,4,
00001B58,4,
00001B5A,4,
00001B5C,4,
00001B5E,4,
00001B60,4,
00001B62,4,
00001B64,4,
00001B66,4,
00001B68,4,
00001B6A,4,
00001B6C,4,
00001B6E,4,
00001B70,4,
00001B72,4,
00001B74,4,
00001B76,4,
00001B78,4,
00001B7A,4,
00001B7C,4,
00001B7E,4,
00001B80,4,
00001B82,4,
00001B84,4,
00001B86,4,
00001B88,4,
00001B8A,4,
00001B8C,4,
00001B8E,4,
00001B90,4,
00001B92,4,
00001B94,4,
00001B96,4,
00001B98,4,
00001B9A,4,
00001B9C,4,
00001B9E,4,
00001BA0,4,
00001BA2,4,
00001BA4,4,
00001BA6,4,
00001BA8,4,
00001BAA,4,
00001BAC,4,
00001BAE,4,
00001BB0,4,
00001BB2,4,
00001BB4,4,
00001BB6,4,
00001BB8,4,
00001BBA,4,
00001BBC,4,
00001BBE,4,
00001BC0,4,
00001BC2,4,
00001BC4,4,
00001BC6,4,
00001BC8,4,
00001BCA,4,
00001BCC,4,
00001BCE,4,
00001BD0,4,
00001BD2,4,
00001BD4,4,
00001BD6,4,
00001BD8,4,
00001BDA,4,
00001BDC,4,
00001BDE,4,
00001BE0,4,
00001BE2,4,
00001BE4,4,
00001BE6,4,
00001BE8,4,
00001BEA,4,
00001BEC,4,
00001BEE,4,
00001BF0,4,
00001BF2,4,
00001BF4,4,
00001BF6,4,
00001BF8,4,
00001BFA,4,
00001BFC,4,
00001BFE,4,
00001C00,4,
00001C02,4,
00001C04,4,
00001C06,4,
00001C08,4,
00001C0A,4,
00001C0C,4,
00001C0E,4,
00001C10,4,
00001C12,4,
00001C14,4,
00001C16,4,
00001C18,4,
00001C1A,4,
00001C1C,4,
00001C1E,4,
00001C20,4,
00001C22,4,
00001C24,4,
00001C26,4,
00001C28,4,
00001C2A,4,
00001C2C,4,
00001C2E,4,
00001C30,4,
00001C32,4,
00001C34,4,
00001C36,4,
00001C38,4,
00001C3A,4,
00001C3C,4,
00001C3E,4,
00001C40,4,
00001C42,4,
00001C44,4,
00001C46,4,
00001C48,4,
00001C4A,4,
00001C4C,4,
00001C4E,4,
00001C50,4,
00001C52,4,
00001C54,4,
00001C56,4,
00001C58,4,
00001C5A,4,
00001C5C,4,
00001C5E,4,
00001C60,4,
00001C62,4,
00001C64,4,
00001C66,4,
00001C68,4,
00001C6A,4,
00001C6C,4,
00001C6E,4,
00001C70,4,
00001C72,4,
00001C74,4,
00001C76,4,
00001C78,4,
00001C7A,4,
00001C7C,4,
00001C7E,4,
00001C80,4,
00001C82,4,
00001C84,4,
00001C86,4,
00001C88,4,
00001C8A,4,
00001C8C,4,
00001C8E,4,
00001C90,4,
00001C92,4,
00001C94,4,
00001C96,4,
00001C98,4,
00001C9A,4,
00001C9C,4,
00001C9E,4,
00001CA0,4,
00001CA2,4,
00001CA4,4,
00001CA6,4,
00001CA8,4,
00001CAA,4,
00001CAC,4,
00001CAE,4,
00001CB0,4,
00001CB2,4,
00001CB4,4,
00001CB6,4,
00001CB8,4,
00001CBA,4,
00001CBC,4,
00001CBE,4,
00001CC0,4,
00001CC2,4,
00001CC4,4,
00001CC6,4,
00001CC8,4,
00001CCA,4,
00001CCC,4,
00001CCE,4,
00001CD0,4,
00001CD2,4,
00001CD4,4,
00001CD6,4,
00001CD8,4,
00001CDA,4,
00001CDC,4,
00001CDE,4,
00001CE0,4,
00001CE2,4,
00001CE4,4,
00001CE6,4,
00001CE8,4,
00001CEA,4,
00001CEC,4,
00001CEE,4,
00001CF0,4,
00001CF2,4,
00001CF4,4,
00001CF6,4,
00001CF8,4,
00001CFA,4,
00001CFC,4,
00001CFE,4,
00001D00,4,
00001D02,4,
00001D04,4,
00001D06,4,
00001D08,4,
00001D0A,4,
00001D0C,4,
00001D0E,4,
00001D10,4,
00001D12,4,
00001D14,4,
00001D16,4,
00001D18,4,
00001D1A,4,
00001D1C,4,
00001D1E,4,
00001D20,4,
00001D22,4,
00001D24,4,
00001D26,4,
00001D28,4,
00001D2A,4,
00001D2C,4,
00001D2E,4,
00001D30,4,
00001D32,4,
00001D34,4,
00001D36,4,
00001D38,4,
00001D3A,4,
00001D3C,4,
00001D3E,4,
00001D40,4,
00001D42,4,
00001D44,4,
00001D46,4,
00001D48,4,
00001D4A,4,
00001D4C,4,
00001D4E,4,
00001D50,4,
00001D52,4,
00001D54,4,
00001D56,4,
00001D58,4,
00001D5A,4,
00001D5C,4,
00001D5E,4,
00001D60,4,
00001D62,4,
00001D64,4,
00001D66,4,
00001D68,4,
00001D6A,4,
00001D6C,4,
00001D6E,4,
00001D70,4,
00001D72,4,
00001D74,4,
00001D76,4,
00001D78,4,
00001D7A,4,
00001D7C,4,
00001D7E,4,
00001D80,4,
00001D82,4,
00001D84,4,
00001D86,4,
00001D88,4,
00001D8A,4,
00001D8C,4,
00001D8E,4,
00001D90,4,
00001D92,4,
00001D94,4,
00001D96,4,
00001D98,4,
00001D9A,4,
00001D9C,4,
00001D9E,4,
00001DA0,4,
00001DA2,4,
00001DA4,4,
00001DA6,4,
00001DA8,4,
00001DAA,4,
00001DAC,4,
00001DAE,4,
00001DB0,4,
00001DB2,4,
00001DB4,4,
00001DB6,4,
00001DB8,4,
00001DBA,4,
00001DBC,4,
00001DBE,4,
00001DC0,4,
00001DC2,4,
00001DC4,4,
00001DC6,4,
00001DC8,4,
00001DCA,4,
00001DCC,4,
00001DCE,4,
00001DD0,4,
00001DD2,4,
00001DD4,4,
00001DD6,4,
00001DD8,4,
00001DDA,4,
00001DDC,4,
00001DDE,4,
00001DE0,4,
00001DE2,4,
00001DE4,4,
00001DE6,4,
00001DE8,4,
00001DEA,4,
00001DEC,4,
00001DEE,4,
00001DF0,4,
00001DF2,4,
00001DF4,4,
00001DF6,4,
00001DF8,4,
00001DFA,4,
00001DFC,4,
00001DFE,4,
00001E00,4,
00001E02,4,
00001E04,4,
00001E06,4,
00001E08,4,
00001E0A,4,
00001E0C,4,
00001E0E,4,
00001E10,4,
00001E12,4,
00001E14,4,
00001E16,4,
00001E18,4,
00001E1A,4,
00001E1C,4,
00001E1E,4,
00001E20,5,
00001E22,5,
00001E24,5,
00001E26,5,
00001E28,5,
00001E2A,5,
00001E2C,5,
00001E2E,5,
00001E30,5,
00001E32,5,
00001E34,5,
00001E36,5,
00001E38,5,
00001E3A,5,
00001E3C,5,
00001E3E,5,
00001E40,5,
00001E42,5,
00001E44,5,
00001E46,5,
00001E48,5,
00001E4A,5,
00001E4C,5,
00001E4E,5,
00001E50,5,
00001E52,5,
00001E54,5,
00001E56,5,
00001E58,5,
00001E5A,5,
00001E5C,5,
00001E5E,5,
00001E60,5,
00001E62,5,
00001E64,5,
00001E66,5,
00001E68,5,
00001E6A,5,
00001E6C,5,
00001E6E,5,
00001E70,5,
00001E72,5,
00001E74,5,
00001E76,5,
00001E78,5,
00001E7A,5,
00001E7C,5,
00001E7E,5,
00001E80,5,
00001E82,5,
00001E84,5,
00001E86,5,
00001E88,5,
00001E8A,5,
00001E8C,5,
00001E8E,5,
00001E90,5,
00001E92,5,
00001E94,5,
00001E96,5,
00001E98,5,
00001E9A,5,
00001E9C,5,
00001E9E,5,
00001EA0,5,
00001EA2,5,
00001EA4,5,
00001EA6,5,
00001EA8,5,
00001EAA,5,
00001EAC,5,
00001EAE,5,
00001EB0,5,
00001EB2,5,
00001EB4,5,
00001EB6,5,
00001EB8,5,
00001EBA,5,
00001EBC,5,
00001EBE,5,
00001EC0,5,
00001EC2,5,
00001EC4,5,
00001EC6,5,
00001EC8,5,
00001ECA,5,
00001ECC,5,
00001ECE,5,
00001ED0,5,
00001ED2,5,
00001ED4,5,
00001ED6,5,
00001ED8,5,
00001EDA,5,
00001EDC,5,
00001EDE,5,
00001EE0,5,
00001EE2,5,
00001EE4,5,
00001EE6,5,
00001EE8,5,
00001EEA,5,
00001EEC,5,
00001EEE,5,
00001EF0,5,
00001EF2,5,
00001EF4,5,
00001EF6,5,
00001EF8,5,
00001EFA,5,
00001EFC,5,
00001EFE,5,
00001F00,5,
00001F02,5,
00001F04,5,
00001F06,5,
00001F08,5,
00001F0A,5,
00001F0C,5,
00001F0E,5,
00001F10,5,
00001F12,5,
00001F14,5,
00001F16,5,
00001F18,5,
00001F1A,5,
00001F1C,5,
00001F1E,5,
00001F20,5,
00001F22,5,
00001F24,5,
00001F26,5,
00001F28,5,
00001F2A,5,
00001F2C,5,
00001F2E,5,
00001F30,5,
00001F32,5,
00001F34,5,
00001F36,5,
00001F38,5,
00001F3A,5,
00001F3C,5,
00001F3E,5,
00001F40,5,
00001F42,5,
00001F44,5,
00001F46,5,
00001F48,5,
00001F4A,5,
00001F4C,5,
00001F4E,5,
00001F50,5,
00001F52,5,
00001F54,5,
00001F56,5,
00001F58,5,
00001F5A,5,
00001F5C,5,
00001F5E,5,
00001F60,5,
00001F62,5,
00001F64,5,
00001F66,5,
00001F68,5,
00001F6A,5,
00001F6C,5,
00001F6E,5,
00001F70,5,
00001F72,5,
00001F74,5,
00001F76,5,
00001F78,5,
00001F7A,5,
00001F7C,5,
00001F7E,5,
00001F80,5,
00001F82,5,
00001F84,5,
00001F86,5,
00001F88,5,
00001F8A,5,
00001F8C,5,
00001F8E,5,
00001F90,5,
00001F92,5,
00001F94,5,
00001F96,5,
00001F98,5,
00001F9A,5,
00001F9C,5,
00001F9E,5,
00001FA0,5,
00001FA2,5,
00001FA4,5,
00001FA6,5,
00001FA8,5,
00001FAA,5,
00001FAC,5,
00001FAE,5,
00001FB0,5,
00001FB2,5,
00001FB4,5,
00001FB6,5,
00001FB8,5,
00001FBA,5,
00001FBC,5,
00001FBE,5,
00001FC0,5,
00001FC2,5,
00001FC4,5,
00001FC6,5,
00001FC8,5,
00001FCA,5,
00001FCC,5,
00001FCE,5,
00001FD0,5,
00001FD2,5,
00001FD4,5,
00001FD6,5,
00001FD8,5,
00001FDA,5,
00001FDC,5,
00001FDE,5,
00001FE0,5,
00001FE2,5,
00001FE4,5,
00001FE6,5,
00001FE8,5,
00001FEA,5,
00001FEC,5,
00001FEE,5,
00001FF0,5,
00001FF2,5,
00001FF4,5,
00001FF6,5,
00001FF8,6,
00001FFA,6,
00001FFC,6,
00001FFE,6,
00002000,6,
00002002,6,
00002004,6,
00002006,6,
00002008,6,
0000200A,6,
0000200C,6,
0000200E,6,
00002010,6,
00002012,6,
00002014,6,
00002016,6,
00002018,6,
0000201A,6,
0000201C,6,
0000201E,6,
00002020,6,
00002022,6,
00002024,6,
00002026,6,
00002028,6,
0000202A,6,
0000202C,6,
0000202E,6,
00002030,6,
00002032,6,
00002034,6,
00002036,6,
00002038,6,
0000203A,6,
0000203C,6,
0000203E,6,
00002040,6,
00002042,6,
00002044,6,
00002046,6,
00002048,6,
0000204A,6,
0000204C,6,
0000204E,6,
00002050,6,
00002052,6,
00002054,6,
00002056,6,
00002058,6,
0000205A,6,
0000205C,6,
0000205E,6,
00002060,6,
00002062,6,
00002064,6,
00002066,6,
00002068,6,
0000206A,6,
0000206C,6,
0000206E,6,
00002070,6,
00002072,6,
00002074,6,
00002076,6,
00002078,6,
0000207A,6,
0000207C,6,
0000207E,6,
00002080,6,
00002082,6,
00002084,6,
00002086,6,
00002088,6,
0000208A,6,
0000208C,6,
0000208E,6,
00002090,6,
00002092,6,
00002094,6,
00002096,6,
00002098,6,
0000209A,6,
0000209C,6,
0000209E,6,
000020A0,6,
000020A2,6,
000020A4,6,
000020A6,6,
000020A8,6,
000020AA,6,
000020AC,6,
000020AE,6,
000020B0,6,
000020B2,6,
000020B4,6,
000020B6,6,
000020B8,6,
000020BA,6,
000020BC,6,
000020BE,6,
000020C0,6,
000020C2,6,
000020C4,6,
000020C6,6,
000020C8,6,
000020CA,6,
000020CC,6,
000020CE,6,
000020D0,6,
000020D2,6,
000020D4,6,
000020D6,6,
000020D8,6,
000020DA,6,
000020DC,6,
000020DE,6,
000020E0,6,
000020E2,6,
000020E4,6,
000020E6,6,
000020E8,6,
000020EA,6,
000020EC,6,
000020EE,6,
000020F0,6,
000020F2,6,
000020F4,6,
000020F6,6,
000020F8,6,
000020FA,6,
000020FC,6,
000020FE,6,
00002100,6,
00002102,6,
00002104,6,
00002106,6,
00002108,6,
0000210A,6,
0000210C,6,
0000210E,6,
00002110,6,
00002112,6,
00002114,6,
00002116,6,
00002118,6,
0000211A,6,
0000211C,6,
0000211E,6,
00002120,6,
00002122,6,
00002124,6,
00002126,6,
00002128,6,
0000212A,6,
0000212C,6,
0000212E,6,
00002130,6,
00002132,6,
00002134,6,
00002136,6,
00002138,6,
0000213A,6,
0000213C,6,
0000213E,6,
00002140,6,
00002142,6,
00002144,6,
00002146,6,
00002148,6,
0000214A,6,
0000214C,6,
0000214E,6,
00002150,6,
00002152,6,
00002154,6,
00002156,6,
00002158,6,
0000215A,6,
0000215C,6,
0000215E,6,
00002160,6,
00002162,6,
00002164,6,
00002166,6,
00002168,6,
0000216A,6,
0000216C,6,
0000216E,6,
00002170,6,
00002172,6,
00002174,6,
00002176,6,
00002178,6,
0000217A,6,
0000217C,6,
0000217E,6,
00002180,6,
00002182,6,
00002184,6,
00002186,6,
00002188,6,
0000218A,6,
0000218C,6,
0000218E,6,
00002190,6,
00002192,6,
00002194,6,
00002196,6,
00002198,6,
0000219A,6,
0000219C,6,
0000219E,6,
000021A0,6,
000021A2,6,
000021A4,6,
000021A6,6,
000021A8,6,
000021AA,6,
000021AC,6,
000021AE,6,
000021B0,6,
000021B2,6,
000021B4,6,
000021B6,6,
000021B8,6,
000021BA,7,
000021BC,7,
000021BE,7,
000021C0,7,
000021C2,7,
000021C4,7,
000021C6,7,
000021C8,7,
000021CA,7,
000021CC,7,
000021CE,7,
000021D0,7,
000021D2,7,
000021D4,7,
000021D6,7,
000021D8,7,
000021DA,7,
000021DC,7,
000021DE,7,
000021E0,7,
000021E2,7,
000021E4,7,
000021E6,7,
000021E8,7,
000021EA,7,
000021EC,7,
000021EE,7,
000021F0,7,
000021F2,7,
000021F4,7,
000021F6,7,
000021F8,7,
000021FA,7,
000021FC,7,
000021FE,7,
00002200,7,
00002202,7,
00002204,7,
00002206,7,
00002208,7,
0000220A,7,
0000220C,7,
0000220E,7,
00002210,7,
00002212,7,
00002214,7,
00002216,7,
00002218,7,
0000221A,7,
0000221C,7,
0000221E,7,
00002220,7,
00002222,7,
00002224,7,
00002226,7,
00002228,7,
0000222A,7,
0000222C,7,
0000222E,7,
00002230,7,
00002232,7,
00002234,7,
00002236,7,
00002238,7,
0000223A,7,
0000223C,7,
0000223E,7,
00002240,7,
00002242,7,
00002244,7,
00002246,7,
00002248,7,
0000224A,7,
0000224C,7,
0000224E,7,
00002250,7,
00002252,7,
00002254,7,
00002256,7,
00002258,7,
0000225A,7,
0000225C,7,
0000225E,7,
00002260,7,
00002262,7,
00002264,7,
00002266,7,
00002268,7,
0000226A,7,
0000226C,7,
0000226E,7,
00002270,7,
00002272,7,
00002274,7,
00002276,7,
00002278,7,
0000227A,7,
0000227C,7,
0000227E,7,
00002280,7,
00002282,7,
00002284,7,
00002286,7,
00002288,7,
0000228A,7,
0000228C,7,
0000228E,7,
00002290,7,
00002292,7,
00002294,7,
00002296,7,
00002298,7,
0000229A,7,
0000229C,7,
0000229E,7,
000022A0,7,
000022A2,7,
000022A4,7,
000022A6,7,
000022A8,7,
000022AA,7,
000022AC,7,
000022AE,7,
000022B0,7,
000022B2,7,
000022B4,7,
000022B6,7,
000022B8,7,
000022BA,7,
000022BC,7,
000022BE,7,
000022C0,7,
000022C2,7,
000022C4,7,
000022C6,7,
000022C8,7,
000022CA,7,
000022CC,7,
000022CE,7,
000022D0,7,
000022D2,7,
000022D4,7,
000022D6,7,
000022D8,7,
000022DA,7,
000022DC,7,
000022DE,7,
000022E0,7,
000022E2,7,
000022E4,7,
000022E6,7,
000022E8,7,
000022EA,7,
000022EC,7,
000022EE,7,
000022F0,7,
000022F2,7,
000022F4,7,
000022F6,7,
000022F8,7,
000022FA,7,
000022FC,7,
000022FE,7,
00002300,7,
00002302,7,
00002304,7,
00002306,7,
00002308,7,
0000230A,7,
0000230C,7,
0000230E,7,
00002310,7,
00002312,8,
00002314,8,
00002316,8,
00002318,8,
0000231A,8,
0000231C,8,
0000231E,8,
00002320,8,
00002322,8,
00002324,8,
00002326,8,
00002328,8,
0000232A,8,
0000232C,8,
0000232E,8,
00002330,8,
00002332,8,
00002334,8,
00002336,8,
00002338,8,
0000233A,8,
0000233C,8,
0000233E,8,
00002340,8,
00002342,8,
00002344,8,
00002346,8,
00002348,8,
0000234A,8,
0000234C,8,
0000234E,8,
00002350,8,
00002352,8,
00002354,8,
00002356,8,
00002358,8,
0000235A,8,
0000235C,8,
0000235E,8,
00002360,8,
00002362,8,
00002364,8,
00002366,8,
00002368,8,
0000236A,8,
0000236C,8,
0000236E,8,
00002370,8,
00002372,8,
00002374,8,
00002376,8,
00002378,8,
0000237A,8,
0000237C,8,
0000237E,8,
00002380,8,
00002382,8,
00002384,8,
00002386,8,
00002388,8,
0000238A,8,
0000238C,8,
0000238E,8,
00002390,8,
00002392,8,
00002394,8,
00002396,8,
00002398,8,
0000239A,8,
0000239C,8,
0000239E,8,
000023A0,8,
000023A2,8,
000023A4,8,
000023A6,8,
000023A8,8,
000023AA,8,
000023AC,8,
000023AE,8,
000023B0,8,
000023B2,8,
000023B4,8,
000023B6,8,
000023B8,8,
000023BA,8,
000023BC,8,
000023BE,8,
000023C0,8,
000023C2,8,
000023C4,8,
000023C6,8,
000023C8,8,
000023CA,8,
000023CC,8,
000023CE,8,
000023D0,8,
000023D2,8,
000023D4,8,
000023D6,8,
000023D8,8,
000023DA,8,
000023DC,8,
000023DE,8,
000023E0,8,
000023E2,8,
000023E4,8,
000023E6,8,
000023E8,8,
000023EA,8,
000023EC,8,
000023EE,8,
000023F0,8,
000023F2,8,
000023F4,8,
000023F6,8,
000023F8,8,
000023FA,8,
000023FC,8,
000023FE,8,
00002400,8,
00002402,8,
00002404,8,
00002406,8,
00002408,8,
0000240A,8,
0000240C,8,
0000240E,8,
00002410,8,
00002412,8,
00002414,8,
00002416,8,
00002418,8,
0000241A,8,
0000241C,8,
0000241E,8,
00002420,8,
00002422,8,
00002424,8,
00002426,8,
00002428,8,
0000242A,8,
0000242C,8,
0000242E,8,
00002430,8,
00002432,8,
00002434,8,
00002436,8,
00002438,8,
0000243A,8,
0000243C,8,
0000243E,8,
00002440,8,
00002442,8,
00002444,8,
00002446,8,
00002448,8,
0000244A,8,
0000244C,8,
0000244E,8,
00002450,8,
00002452,8,
00002454,8,
00002456,8,
00002458,8,
0000245A,9,
0000245C,9,
0000245E,9,
00002460,9,
00002462,9,
00002464,9,
00002466,9,
00002468,9,
0000246A,9,
0000246C,9,
0000246E,9,
00002470,9,
00002472,9,
00002474,9,
00002476,9,
00002478,9,
0000247A,9,
0000247C,9,
0000247E,9,
00002480,9,
00002482,9,
00002484,9,
00002486,9,
00002488,9,
0000248A,9,
0000248C,9,
0000248E,9,
00002490,9,
00002492,9,
00002494,9,
00002496,9,
00002498,9,
0000249A,9,
0000249C,9,
0000249E,9,
000024A0,9,
000024A2,9,
000024A4,9,
000024A6,9,
000024A8,9,
000024AA,9,
000024AC,9,
000024AE,9,
000024B0,9,
000024B2,9,
000024B4,9,
000024B6,9,
000024B8,9,
000024BA,9,
000024BC,9,
000024BE,9,
000024C0,9,
000024C2,9,
000024C4,9,
000024C6,9,
000024C8,9,
000024CA,9,
000024CC,9,
000024CE,9,
000024D0,9,
000024D2,9,
000024D4,9,
000024D6,9,
000024D8,9,
000024DA,9,
000024DC,9,
000024DE,9,
000024E0,9,
000024E2,9,
000024E4,9,
000024E6,9,
000024E8,9,
000024EA,9,
000024EC,9,
000024EE,9,
000024F0,9,
000024F2,9,
000024F4,9,
000024F6,9,
000024F8,9,
000024FA,9,
000024FC,9,
000024FE,9,
00002500,9,
00002502,9,
00002504,9,
00002506,9,
00002508,9,
0000250A,9,
0000250C,9,
0000250E,9,
00002510,9,
00002512,9,
00002514,9,
00002516,9,
00002518,9,
0000251A,9,
0000251C,9,
0000251E,9,
00002520,9,
00002522,9,
00002524,9,
00002526,9,
00002528,9,
0000252A,9,
0000252C,9,
0000252E,9,
00002530,9,
00002532,9,
00002534,9,
00002536,9,
00002538,9,
0000253A,10,
0000253C,10,
0000253E,10,
00002540,10,
00002542,10,
00002544,10,
00002546,10,
00002548,10,
0000254A,10,
0000254C,10,
0000254E,10,
00002550,10,
00002552,10,
00002554,10,
00002556,10,
00002558,10,
0000255A,10,
0000255C,10,
0000255E,10,
00002560,10,
00002562,10,
00002564,10,
00002566,10,
00002568,10,
0000256A,10,
0000256C,10,
0000256E,10,
00002570,10,
00002572,10,
00002574,10,
00002576,10,
00002578,10,
0000257A,10,
0000257C,10,
0000257E,10,
00002580,10,
00002582,10,
00002584,10,
00002586,10,
00002588,10,
0000258A,10,
0000258C,10,
0000258E,10,
00002590,10,
00002592,10,
00002594,10,
00002596,10,
00002598,10,
0000259A,10,
0000259C,10,
0000259E,10,
000025A0,10,
000025A2,10,
000025A4,10,
000025A6,10,
000025A8,10,
000025AA,10,
000025AC,10,
000025AE,10,
000025B0,10,
000025B2,10,
000025B4,10,
000025B6,10,
000025B8,10,
000025BA,10,
000025BC,10,
000025BE,10,
000025C0,10,
000025C2,10,
000025C4,10,
000025C6,10,
000025C8,10,
000025CA,10,
000025CC,10,
000025CE,10,
000025D0,10,
000025D2,10,
000025D4,10,
000025D6,10,
000025D8,10,
000025DA,10,
000025DC,11,
000025DE,11,
000025E0,11,
000025E2,11,
000025E4,11,
000025E6,11,
000025E8,11,
000025EA,11,
000025EC,11,
000025EE,11,
000025F0,11,
000025F2,11,
000025F4,11,
000025F6,11,
000025F8,11,
000025FA,11,
000025FC,11,
000025FE,11,
00002600,11,
00002602,11,
00002604,11,
00002606,11,
00002608,11,
0000260A,11,
0000260C,11,
0000260E,11,
00002610,11,
00002612,11,
00002614,11,
00002616,11,
00002618,11,
0000261A,11,
0000261C,11,
0000261E,11,
00002620,11,
00002622,11,
00002624,11,
00002626,11,
00002628,11,
0000262A,11,
0000262C,11,
0000262E,11,
00002630,11,
00002632,11,
00002634,11,
00002636,11,
00002638,11,
0000263A,11,
0000263C,11,
0000263E,11,
00002640,11,
00002642,11,
00002644,11,
00002646,11,
00002648,11,
0000264A,11,
0000264C,11,
0000264E,11,
00002650,11,
00002652,11,
00002654,11,
00002656,11,
00002658,11,
0000265A,11,
0000265C,11,
0000265E,11,
00002660,11,
00002662,11,
00002664,11,
00002666,11,
00002668,11,
0000266A,11,
0000266C,11,
0000266E,11,
00002670,11,
00002672,11,
00002674,11,
00002676,11,
00002678,11,
0000267A,11,
0000267C,12,
0000267E,12,
00002680,12,
00002682,12,
00002684,12,
00002686,12,
00002688,12,
0000268A,12,
0000268C,12,
0000268E,12,
00002690,12,
00002692,12,
00002694,12,
00002696,12,
00002698,12,
0000269A,12,
0000269C,12,
0000269E,12,
000026A0,12,
000026A2,12,
000026A4,12,
000026A6,12,
000026A8,12,
000026AA,12,
000026AC,12,
000026AE,12,
000026B0,12,
000026B2,12,
000026B4,12,
000026B6,12,
000026B8,12,
000026BA,12,
000026BC,12,
000026BE,12,
000026C0,12,
000026C2,12,
000026C4,12,
000026C6,12,
000026C8,12,
000026CA,12,
000026CC,12,
000026CE,12,
000026D0,12,
000026D2,12,
000026D4,12,
000026D6,12,
000026D8,12,
000026DA,12,
000026DC,12,
000026DE,12,
000026E0,12,
000026E2,12,
000026E4,12,
000026E6,12,
000026E8,12,
000026EA,12,
000026EC,12,
000026EE,12,
000026F0,12,
000026F2,12,
000026F4,12,
000026F6,12,
000026F8,12,
000026FA,12,
000026FC,12,
000026FE,12,
00002700,12,
00002702,12,
00002704,12,
00002706,12,
00002708,12,
0000270A,12,
0000270C,12,
0000270E,12,
00002710,12,
00002712,12,
00002714,12,
00002716,12,
00002718,12,
0000271A,12,
0000271C,12,
0000271E,12,
00002720,12,
00002722,12,
00002724,12,
00002726,12,
00002728,12,
0000272A,12,
0000272C,12,
0000272E,12,
00002730,12,
00002732,12,
00002734,13,
00002736,13,
00002738,13,
0000273A,13,
0000273C,13,
0000273E,13,
00002740,13,
00002742,13,
00002744,13,
00002746,13,
00002748,13,
0000274A,13,
0000274C,13,
0000274E,13,
00002750,13,
00002752,13,
00002754,13,
00002756,13,
00002758,13,
0000275A,13,
0000275C,13,
0000275E,13,
00002760,13,
00002762,13,
00002764,13,
00002766,13,
00002768,13,
0000276A,13,
0000276C,13,
0000276E,13,
00002770,13,
00002772,13,
00002774,13,
00002776,13,
00002778,13,
0000277A,13,
0000277C,13,
0000277E,13,
00002780,13,
00002782,13,
00002784,13,
00002786,13,
00002788,13,
0000278A,13,
0000278C,13,
0000278E,13,
00002790,13,
00002792,13,
00002794,13,
00002796,13,
00002798,13,
0000279A,13,
0000279C,13,
0000279E,13,
000027A0,13,
000027A2,13,
000027A4,13,
000027A6,13,
000027A8,13,
000027AA,13,
000027AC,13,
000027AE,13,
000027B0,13,
000027B2,13,
000027B4,13,
000027B6,13,
000027B8,14,
000027BA,14,
000027BC,14,
000027BE,14,
000027C0,14,
000027C2,14,
000027C4,14,
000027C6,14,
000027C8,14,
000027CA,14,
000027CC,14,
000027CE,14,
000027D0,14,
000027D2,14,
000027D4,14,
000027D6,14,
000027D8,14,
000027DA,14,
000027DC,14,
000027DE,14,
000027E0,14,
000027E2,14,
000027E4,14,
000027E6,14,
000027E8,14,
000027EA,14,
000027EC,14,
000027EE,14,
000027F0,14,
000027F2,14,
000027F4,14,
000027F6,14,
000027F8,14,
000027FA,14,
000027FC,14,
000027FE,14,
00002800,14,
00002802,14,
00002804,14,
00002806,14,
00002808,14,
0000280A,14,
0000280C,14,
0000280E,14,
00002810,14,
00002812,14,
00002814,14,
00002816,14,
00002818,14,
0000281A,14,
0000281C,14,
0000281E,14,
00002820,14,
00002822,14,
00002824,14,
00002826,15,
00002828,15,
0000282A,15,
0000282C,15,
0000282E,15,
00002830,15,
00002832,15,
00002834,15,
00002836,15,
00002838,15,
0000283A,15,
0000283C,15,
0000283E,15,
00002840,15,
00002842,15,
00002844,15,
00002846,15,
00002848,15,
0000284A,15,
0000284C,15,
0000284E,15,
00002850,15,
00002852,15,
00002854,15,
00002856,15,
00002858,15,
0000285A,15,
0000285C,15,
0000285E,15,
00002860,15,
00002862,15,
00002864,15,
00002866,15,
00002868,15,
0000286A,15,
0000286C,15,
0000286E,15,
00002870,15,
00002872,15,
00002874,15,
00002876,16,
00002878,16,
0000287A,16,
0000287C,16,
0000287E,16,
00002880,16,
00002882,16,
00002884,16,
00002886,16,
00002888,16,
0000288A,16,
0000288C,16,
0000288E,16,
00002890,16,
00002892,16,
00002894,16,
00002896,16,
00002898,16,
0000289A,16,
0000289C,16,
0000289E,16,
000028A0,16,
000028A2,16,
000028A4,16,
000028A6,16,
000028A8,16,
000028AA,16,
000028AC,16,
000028AE,16,
000028B0,16,
000028B2,16,
000028B4,16,
000028B6,16,
000028B8,16,
000028BA,16,
000028BC,16,
000028BE,16,
000028C0,16,
000028C2,16,
000028C4,16,
000028C6,16,
000028C8,16,
000028CA,16,
000028CC,16,
000028CE,16,
000028D0,16,
000028D2,16,
000028D4,16,
000028D6,17,
000028D8,17,
000028DA,17,
000028DC,17,
000028DE,17,
000028E0,17,
000028E2,17,
000028E4,17,
000028E6,17,
000028E8,17,
000028EA,17,
000028EC,17,
000028EE,17,
000028F0,17,
000028F2,17,
000028F4,17,
000028F6,17,
000028F8,17,
000028FA,17,
000028FC,17,
000028FE,17,
00002900,17,
00002902,17,
00002904,17,
00002906,17,
00002908,17,
0000290A,17,
0000290C,17,
0000290E,17,
00002910,17,
00002912,17,
00002914,17,
00002916,17,
00002918,17,
0000291A,17,
0000291C,17,
0000291E,17,
00002920,17,
00002922,17,
00002924,17,
00002926,17,
00002928,18,
0000292A,18,
0000292C,18,
0000292E,18,
00002930,18,
00002932,18,
00002934,18,
00002936,18,
00002938,18,
0000293A,18,
0000293C,18,
0000293E,18,
00002940,18,
00002942,18,
00002944,18,
00002946,18,
00002948,18,
0000294A,18,
0000294C,18,
0000294E,18,
00002950,18,
00002952,18,
00002954,18,
00002956,18,
00002958,18,
0000295A,18,
0000295C,18,
0000295E,18,
00002960,18,
00002962,18,
00002964,18,
00002966,18,
00002968,18,
0000296A,18,
0000296C,19,
0000296E,19,
00002970,19,
00002972,19,
00002974,19,
00002976,19,
00002978,19,
0000297A,19,
0000297C,19,
0000297E,19,
00002980,19,
00002982,19,
00002984,19,
00002986,19,
00002988,19,
0000298A,19,
0000298C,19,
0000298E,19,
00002990,19,
00002992,19,
00002994,19,
00002996,19,
00002998,19,
0000299A,19,
0000299C,19,
0000299E,19,
000029A0,19,
000029A2,19,
000029A4,19,
000029A6,19,
000029A8,19,
000029AA,19,
000029AC,19,
000029AE,19,
000029B0,19,
000029B2,19,
000029B4,19,
000029B6,19,
000029B8,20,
000029BA,20,
000029BC,20,
000029BE,20,
000029C0,20,
000029C2,20,
000029C4,20,
000029C6,20,
000029C8,20,
000029CA,20,
000029CC,20,
000029CE,20,
000029D0,20,
000029D2,20,
000029D4,20,
000029D6,20,
000029D8,20,
000029DA,20,
000029DC,20,
000029DE,20,
000029E0,20,
000029E2,20,
000029E4,20,
000029E6,20,
000029E8,20,
000029EA,20,
000029EC,20,
000029EE,21,
000029F0,21,
000029F2,21,
000029F4,21,
000029F6,21,
000029F8,21,
000029FA,21,
000029FC,21,
000029FE,21,
00002A00,21,
00002A02,21,
00002A04,21,
00002A06,21,
00002A08,21,
00002A0A,21,
00002A0C,21,
00002A0E,21,
00002A10,21,
00002A12,21,
00002A14,21,
00002A16,21,
00002A18,21,
00002A1A,21,
00002A1C,21,
00002A1E,21,
00002A20,21,
00002A22,21,
00002A24,22,
00002A26,22,
00002A28,22,
00002A2A,22,
00002A2C,22,
00002A2E,22,
00002A30,22,
00002A32,22,
00002A34,22,
00002A36,22,
00002A38,22,
00002A3A,22,
00002A3C,22,
00002A3E,22,
00002A40,22,
00002A42,22,
00002A44,22,
00002A46,22,
00002A48,22,
00002A4A,22,
00002A4C,22,
00002A4E,22,
00002A50,23,
00002A52,23,
00002A54,23,
00002A56,23,
00002A58,23,
00002A5A,23,
00002A5C,23,
00002A5E,23,
00002A60,23,
00002A62,23,
00002A64,23,
00002A66,23,
00002A68,23,
00002A6A,23,
00002A6C,23,
00002A6E,23,
00002A70,23,
00002A72,23,
00002A74,23,
00002A76,23,
00002A78,23,
00002A7A,23,
00002A7C,24,
00002A7E,24,
00002A80,24,
00002A82,24,
00002A84,24,
00002A86,24,
00002A88,24,
00002A8A,24,
00002A8C,24,
00002A8E,24,
00002A90,24,
00002A92,24,
00002A94,24,
00002A96,24,
00002A98,24,
00002A9A,24,
00002A9C,24,
00002A9E,24,
00002AA0,24,
00002AA2,24,
00002AA4,24,
00002AA6,25,
00002AA8,25,
00002AAA,25,
00002AAC,25,
00002AAE,25,
00002AB0,25,
00002AB2,25,
00002AB4,25,
00002AB6,25,
00002AB8,25,
00002ABA,25,
00002ABC,25,
00002ABE,25,
00002AC0,25,
00002AC2,25,
00002AC4,26,
00002AC6,26,
00002AC8,26,
00002ACA,26,
00002ACC,26,
00002ACE,26,
00002AD0,26,
00002AD2,26,
00002AD4,26,
00002AD6,26,
00002AD8,26,
00002ADA,26,
00002ADC,26,
00002ADE,26,
00002AE0,26,
00002AE2,26,
00002AE4,26,
00002AE6,26,
00002AE8,26,
00002AEA,27,
00002AEC,27,
00002AEE,27,
00002AF0,27,
00002AF2,27,
00002AF4,27,
00002AF6,27,
00002AF8,27,
00002AFA,27,
00002AFC,27,
00002AFE,27,
00002B00,27,
00002B02,27,
00002B04,27,
00002B06,27,
00002B08,27,
00002B0A,27,
00002B0C,27,
00002B0E,27,
00002B10,28,
00002B12,28,
00002B14,28,
00002B16,28,
00002B18,28,
00002B1A,28,
00002B1C,28,
00002B1E,28,
00002B20,28,
00002B22,28,
00002B24,28,
00002B26,28,
00002B28,28,
00002B2A,29,
00002B2C,29,
00002B2E,29,
00002B30,29,
00002B32,29,
00002B34,29,
00002B36,29,
00002B38,29,
00002B3A,29,
00002B3C,29,
00002B3E,29,
00002B40,29,
00002B42,29,
00002B44,29,
00002B46,29,
00002B48,29,
00002B4A,30,
00002B4C,30,
00002B4E,30,
00002B50,30,
00002B52,30,
00002B54,30,
00002B56,30,
00002B58,30,
00002B5A,30,
00002B5C,30,
00002B5E,30,
00002B60,30,
00002B62,30,
00002B64,30,
00002B66,30,
00002B68,30,
00002B6A,30,
00002B6C,31,
00002B6E,31,
00002B70,31,
00002B72,31,
00002B74,31,
00002B76,31,
00002B78,31,
00002B7A,31,
00002B7C,31,
00002B7E,31,
00002B80,31,
00002B82,31,
00002B84,32,
00002B86,32,
00002B88,32,
00002B8A,32,
00002B8C,32,
00002B8E,32,
00002B90,32,
00002B92,32,
00002B94,32,
00002B96,32,
00002B98,32,
00002B9A,32,
00002B9C,32,
00002B9E,33,
00002BA0,33,
00002BA2,33,
00002BA4,33,
00002BA6,33,
00002BA8,33,
00002BAA,33,
00002BAC,33,
00002BAE,33,
00002BB0,33,
00002BB2,33,
00002BB4,33,
00002BB6,33,
00002BB8,34,
00002BBA,34,
00002BBC,34,
00002BBE,34,
00002BC0,34,
00002BC2,34,
00002BC4,34,
00002BC6,34,
00002BC8,34,
00002BCA,34,
00002BCC,34,
00002BCE,34,
00002BD0,34,
00002BD2,34,
00002BD4,34,
00002BD6,34,
00002BD8,34,
00002BDA,35,
00002BDC,35,
00002BDE,35,
00002BE0,35,
00002BE2,35,
00002BE4,35,
00002BE6,35,
00002BE8,35,
00002BEA,35,
00002BEC,35,
00002BEE,36,
00002BF0,36,
00002BF2,36,
00002BF4,36,
00002BF6,36,
00002BF8,36,
00002BFA,36,
00002BFC,36,
00002BFE,36,
00002C00,36,
00002C02,36,
00002C04,36,
00002C06,36,
00002C08,36,
00002C0A,37,
00002C0C,37,
00002C0E,37,
00002C10,37,
00002C12,37,
00002C14,37,
00002C16,37,
00002C18,37,
00002C1A,37,
00002C1C,37,
00002C1E,37,
00002C20,38,
00002C22,38,
00002C24,38,
00002C26,38,
00002C28,38,
00002C2A,38,
00002C2C,38,
00002C2E,38,
00002C30,39,
00002C32,39,
00002C34,39,
00002C36,39,
00002C38,39,
00002C3A,39,
00002C3C,39,
00002C3E,39,
00002C40,39,
00002C42,39,
00002C44,40,
00002C46,40,
00002C48,40,
00002C4A,40,
00002C4C,40,
00002C4E,40,
00002C50,40,
00002C52,40,
00002C54,40,
00002C56,41,
00002C58,41,
00002C5A,41,
00002C5C,41,
00002C5E,41,
00002C60,41,
00002C62,41,
00002C64,41,
00002C66,42,
00002C68,42,
00002C6A,42,
00002C6C,42,
00002C6E,42,
00002C70,42,
00002C72,42,
00002C74,42,
00002C76,42,
00002C78,43,
00002C7A,43,
00002C7C,43,
00002C7E,43,
00002C80,43,
00002C82,43,
00002C84,43,
00002C86,43,
00002C88,43,
00002C8A,43,
00002C8C,44,
00002C8E,44,
00002C90,44,
00002C92,44,
00002C94,44,
00002C96,45,
00002C98,45,
00002C9A,45,
00002C9C,45,
00002C9E,45,
00002CA0,45,
00002CA2,45,
00002CA4,45,
00002CA6,45,
00002CA8,45,
00002CAA,46,
00002CAC,46,
00002CAE,46,
00002CB0,46,
00002CB2,46,
00002CB4,46,
00002CB6,46,
00002CB8,46,
00002CBA,47,
00002CBC,47,
00002CBE,47,
00002CC0,47,
00002CC2,47,
00002CC4,47,
00002CC6,47,
00002CC8,47,
00002CCA,48,
00002CCC,48,
00002CCE,48,
00002CD0,48,
00002CD2,48,
00002CD4,48,
00002CD6,48,
00002CD8,48,
00002CDA,48,
00002CDC,49,
00002CDE,49,
00002CE0,50,
00002CE2,50,
00002CE4,50,
00002CE6,50,
00002CE8,50,
00002CEA,51,
00002CEC,51,
00002CEE,51,
00002CF0,51,
00002CF2,51,
00002CF4,52,
00002CF6,52,
00002CF8,52,
00002CFA,52,
00002CFC,52,
00002CFE,52,
00002D00,52,
00002D02,52,
00002D04,52,
00002D06,53,
00002D08,53,
00002D0A,53,
00002D0C,53,
00002D0E,54,
00002D10,54,
00002D12,54,
00002D14,54,
00002D16,54,
00002D18,54,
00002D1A,54,
00002D1C,54,
00002D1E,55,
00002D20,55,
00002D22,55,
00002D24,55,
00002D26,55,
00002D28,56,
00002D2A,56,
00002D2C,56,
00002D2E,56,
00002D30,56,
00002D32,56,
00002D34,56,
00002D36,56,
00002D38,57,
00002D3A,57,
00002D3C,57,
00002D3E,57,
00002D40,58,
00002D42,58,
00002D44,58,
00002D46,59,
00002D48,59,
00002D4A,59,
00002D4C,59,
00002D4E,59,
00002D50,59,
00002D52,60,
00002D54,60,
00002D56,60,
00002D58,60,
00002D5A,60,
00002D5C,61,
00002D5E,61,
00002D60,61,
00002D62,61,
00002D64,61,
00002D66,61,
00002D68,61,
00002D6A,61,
00002D6C,62,
00002D6E,62,
00002D70,62,
00002D72,62,
00002D74,62,
00002D76,62,
00002D78,63,
00002D7A,63,
00002D7C,63,
00002D7E,63,
00002D80,64,
00002D82,64,
00002D84,64,
00002D86,64,
00002D88,64,
00002D8A,64,
00002D8C,64,
00002D8E,65,
00002D90,65,
00002D92,66,
00002D94,66,
00002D96,66,
00002D98,66,
00002D9A,66,
00002D9C,66,
00002D9E,66,
00002DA0,66,
00002DA2,67,
00002DA4,67,
00002DA6,68,
00002DA8,68,
00002DAA,68,
00002DAC,69,
00002DAE,69,
00002DB0,69,
00002DB2,69,
00002DB4,70,
00002DB6,70,
00002DB8,71,
00002DBA,72,
00002DBC,72,
00002DBE,72,
00002DC0,72,
00002DC2,73,
00002DC4,73,
00002DC6,74,
00002DC8,74,
00002DCA,74,
00002DCC,75,
00002DCE,75,
00002DD0,75,
00002DD2,75,
00002DD4,76,
00002DD6,76,
00002DD8,77,
00002DDA,77,
00002DDC,77,
00002DDE,77,
00002DE0,78,
00002DE2,78,
00002DE4,78,
00002DE6,79,
00002DE8,79,
00002DEA,79,
00002DEC,80,
00002DEE,80,
00002DF0,81,
00002DF2,81,
00002DF4,82,
00002DF6,82,
00002DF8,82,
00002DFA,82,
00002DFC,82,
00002DFE,83,
00002E00,83,
00002E02,83,
00002E04,84,
00002E06,84,
00002E08,85,
00002E0A,86,
00002E0C,86,
00002E0E,86,
00002E10,87,
00002E12,87,
00002E14,88,
00002E16,89,
00002E18,89,
00002E1A,89,
00002E1C,91,
00002E1E,92,
00002E20,92,
00002E22,93,
00002E24,93,
00002E26,94,
00002E28,94,
00002E2A,94,
00002E2C,95,
00002E2E,95,
00002E30,96,
00002E32,96,
00002E34,96,
00002E36,98,
00002E38,98,
00002E3A,99,
00002E3C,99,
00002E3E,100,
00002E40,102,
00002E42,102,
00002E44,102,
00002E46,103,
00002E48,103,
00002E4A,104,
00002E4C,104,
00002E4E,105,
00002E50,105,
00002E52,106,
00002E54,108,
00002E56,109,
00002E58,109,
00002E5A,111,
00002E5C,111,
00002E5E,112,
00002E60,113,
00002E62,113,
00002E64,114,
00002E66,115,
00002E68,116,
00002E6A,116,
00002E6C,116,
00002E6E,118,
00002E70,118,
00002E72,118,
00002E74,120,
00002E76,121,
00002E78,121,
00002E7A,121,
00002E7C,122,
00002E7E,122,
00002E80,125,
00002E82,125,
00002E84,126,
00002E86,127,
00002E88,128,
00002E8A,129,
00002E8C,129,
00002E8E,130,
00002E90,132,
00002E92,133,
00002E94,133,
00002E96,134,
00002E98,135,
00002E9A,137,
00002E9C,138,
00002E9E,138,
00002EA0,139,
00002EA2,140,
00002EA4,141,
00002EA6,142,
00002EA8,143,
00002EAA,144,
00002EAC,146,
00002EAE,149,
00002EB0,150,
00002EB2,151,
00002EB4,152,
00002EB6,154,
00002EB8,155,
00002EBA,156,
00002EBC,157,
00002EBE,160,
00002EC0,163,
00002EC2,164,
00002EC4,166,
00002EC6,169,
00002EC8,170,
00002ECA,172,
00002ECC,173,
00002ECE,174,
00002ED0,176,
00002ED2,178,
00002ED4,179,
00002ED6,181,
00002ED8,183,
00002EDA,184,
00002EDC,185,
00002EDE,186,
00002EE0,193,
00002EE2,195,
00002EE4,197,
00002EE6,198,
00002EE8,200,
00002EEA,201,
00002EEC,206,
00002EEE,208,
00002EF0,214,
00002EF2,216,
00002EF4,222,
00002EF6,228,
00002EF8,237,
00002EFA,238,
00002EFC,242,
00002EFE,244,
00002F00,250,
00002F02,256,
00002F04,258,
00002F06,259,
00002F08,260,
00002F0A,262,
00002F0C,264,
00002F0E,272,
00002F10,275,
00002F12,287,
00002F14,294,
00002F16,316,
00002F18,329,
00002F1A,346,
00002F1C,361,
00002F1E,371,
00002F20,400,
00002F22,413,
00002F24,498,
00002F26,518,
00002F28,570,
00002F2A,615,
00002F2C,671,
00002F2E,921,
00002F30,1178,
00002F32,1444,
00002F34,1808,
